fips,Year,EV_Count,EV_New_Stations,EV_Growth_Rate,RegionName,StateName,StateCodeFIPS,MunicipalCodeFIPS,Price_Q25,Price_Q50,Price_Q75,Price_Growth_Pct,EPA_State_Code,EPA_County_Code,NO2_Q25,NO2_Q50,NO2_Q75,NO2_Mean,NO2_Peak,Population,EV_per_100k,log_EV_Count,log_Population,log_Price_Q50,Land_Area_sqmi,Population_Density,DVMT,VMT,median_income,log_Population_Density,log_DVMT,log_Land_Area
1073,2023,20,20,,Jefferson County,AL,1,73,211616.9323707716,213729.7403377164,215215.0870201136,,1,73,5.841667,8.083333,10.765217,8.829102605657237,27.577778,664419,3.010148716397333,3.044522437723423,13.406669758616193,12.272467600261134,1111.54,597.7463699012181,21221702.257428583,7745921323.961434,64726,6.394838085911286,16.87053495453724,7.014400968450207
1073,2024,36,36,80,Jefferson County,AL,1,73,211527.28259157776,212528.2597952271,212747.89009359112,-0.562149442,1,73,5.597917,8.239583,12.074773,9.455813530888031,34.8,666585,5.400661581043678,3.6109179126442243,13.409924442535019,12.266830245776243,1111.556,599.6863855712172,21196478.48,7736714645.309501,69346,6.398072977326291,16.869345663602378,7.014415349852179
1073,2025,9,9,-75,Jefferson County,AL,1,73,210029.3628732372,210508.11914924663,211075.5644311833,-0.950528014,1,73,5.646558,8.120833,12.5625,9.612682149855909,29.458333,665742,1.3518750506953143,2.302585092994046,13.408658989163522,12.257279502141008,1111.567,598.9220622778474,21422896.476021606,7819357213.747887,69346,6.396799750575316,16.87997088,7.014425236946061
4013,2023,133,133,,Maricopa County,AZ,4,13,458799.3126437664,463509.7975249075,468110.0782860928,,4,13,8.25,13.166667,20.083333,14.679987738358138,49.291667,4601077,2.890627563937748,4.897839799950911,15.341801181830247,13.046582801898206,9202.016,500.0074983568818,106398656.09849615,38835509476,86973,6.216621067753067,18.482703513537434,9.127286535400858
4013,2024,159,159,19.54887218045113,Maricopa County,AZ,4,13,474083.2472815413,475301.5701549468,477003.8590830886,2.544017989049241,4,13,7.875,13.666667,21.375,15.202277811709603,47.583333,4654147,3.416308079654553,5.075173815233827,15.353269422940379,13.071704766099582,9202.016,505.7747128,108501805.2,39603158885.55351,90919,6.228066551385256,18.502277377496558,9.127286535400858
4013,2025,159,159,0,Maricopa County,AZ,4,13,458712.5372708064,462042.1841575006,467502.40860795847,-2.78967856,4,13,7.20624975,12.166667,19.410985,13.865432449228791,42.714286,4689558,3.3905114298618333,5.075173815233827,15.360849106150633,13.04341147,9202.021,509.6226144235054,110191744.78618304,40219986846.95681,90919,6.235630793727722,18.517732549756033,9.127287078700864
4019,2023,35,35,,Pima County,AZ,4,19,338014.67945849535,341031.5408863117,345139.04860863526,,4,19,4.920833,8.1447465,12.633333,9.144253368173258,24.1,1065239,3.2856476340051386,3.583518938,13.878710683850365,12.739730247256006,9188.683,115.92945365511032,20799226.888251163,7591717814.211675,69553,4.761570792731411,16.85042642,9.125836720739567
4019,2024,33,33,-5.714285714,Pima County,AZ,4,19,349496.9239050997,351203.0934357379,352330.14574376243,2.982584110253028,4,19,4.9041665000000005,8.819048,12.8916665,9.497477898630136,26.8625,1073456,3.0741828263105333,3.5263605246161616,13.886394839606773,12.769119948892627,9188.683,116.8237058564323,21210358.72,7741780933.676001,71993,4.769189489141855,16.870000286434763,9.125836720739567
4019,2025,55,55,66.66666666666667,Pima County,AZ,4,19,340504.77418733045,343722.7614739805,346021.6662028696,-2.129916308,4,19,4.600000250000001,7.844643,12.5489585,8.957056742537313,27.254545,1074685,5.117778697944049,4.025351691,13.887539083853168,12.747590685474895,9188.692,116.95734278611148,21540714.752058618,7862360884.501395,71993,4.770323057295518,16.885455458112528,9.125837700098222
5035,2024,2,2,,Crittenden County,AR,5,35,154407.81487515563,155658.7243346093,156917.58679098476,-2.914105587,5,35,1.17500025,3.40625,5.2239585,3.709708007407408,12.254167,46789,4.274508965782555,1.0986122886681096,10.753424783860263,11.95542122527621,611.812,76.47610703941733,2540341.625,927224693.1,51600,4.349969592560655,14.74780952162993,6.418058200480083
5119,2023,27,27,,Pulaski County,AR,5,119,192084.4280870181,192902.3405405785,193540.3500468949,,5,119,1.8104165,2.4875,3.2458335,2.6763159696969696,8.254167,401297,6.728183863821559,3.332204510175204,12.902459572439948,12.169939332260224,758.366,529.1600626,13782876.495174017,5030749920.738516,61344,6.273178965857526,16.43893761852665,6.6324838746068275
5119,2024,8,8,-70.37037037,Pulaski County,AR,5,119,197269.21491831585,199478.2750677888,199952.1528510592,3.408944914189349,5,119,1.862879,2.658333,3.96875,3.008155454,8.229167,403394,1.983172778970436,2.1972245773362196,12.90767150977992,12.203460612479043,758.369,531.9231139458495,13903551.87,5074796431.820001,66706,6.278377162,16.447654967454678,6.632487825
5119,2025,13,13,62.5,Pulaski County,AR,5,119,199422.44634950644,200579.75583448805,201539.1445350792,0.5521808158432062,5,119,4.979167,6.9416665,10.52812475,8.190315706140352,29.633333,404611,3.212962573929033,2.639057329615259,12.910683862198358,12.208967231344062,758.37,533.5271701148516,14096460.828830864,5145208202.523266,66706,6.2813825619418235,16.46143438973369,6.632489142145096
6001,2023,132,132,,Alameda County,CA,6,1,1050857.5155933397,1061414.5540640438,1081093.2197798165,,6,1,4.52375,7.5617055,11.553261,8.687764589344262,32.604348,1633055,8.083010063959879,4.890349128221754,14.305963664077419,13.875113061420647,737.459,2214.4349719781035,31650720.843690623,11552513107.947077,119230,7.703204038810951,17.270271513362015,6.604565582488482
6001,2024,107,107,-18.93939394,Alameda County,CA,6,1,1109234.151827856,1125997.116871321,1131502.8000591071,6.084574830823408,6,1,7.6923915,10.6130435,13.97934825,10.73791875,24.073913,1636624,6.537848644526783,4.682131227,14.308146752530055,13.934179527173452,737.459,2219.274563060455,32035854.28,11693086811,128031,7.7053861442732074,17.28236631093517,6.604565582488482
6007,2023,9,9,,Butte County,CA,6,7,395258.8235,396344.2205,397631.6369275684,,6,7,2.758333,3.8,5.83913,4.829823120547945,14.082609,207286,4.341827233870112,2.302585092994046,12.241859585410658,12.89003835634998,1636.49,126.66499642527604,4029787.380055561,1470872394,63084,4.849409617596219,15.20922442139164,7.400919860620531
6007,2024,8,8,-11.11111111,Butte County,CA,6,7,392083.5517226789,392460.92518669367,393188.0398066836,-0.979778458,6,7,2.578261,3.873913,5.352174,4.341520781163434,14.26087,208586,3.8353484893521137,2.1972245773362196,12.248111499376718,12.88019225758433,1636.512,127.4576660604994,4078822.783,1488770315.8314998,65143,4.8555994030556855,15.221319216361357,7.400933296
6007,2025,17,17,112.5,Butte County,CA,6,7,393110.0333615718,393697.6980150212,394290.6196,0.3151327301537554,6,7,2.79456525,3.606522,5.1967395,4.540436695833334,18.923529,209211,8.125767766,2.8903717578961645,12.251103370904477,12.883338629861194,1636.511,127.83965399560408,4131226.8142709606,1507897787.2089007,65143,4.858568638923876,15.234085212345859,7.400932685044096
6013,2023,53,53,,Contra Costa County,CA,6,13,792737.0365252165,800987.9254603933,807779.3106039213,,6,13,2.373913,3.604762,6.465217,4.723028973702422,16.930435,1161953,4.561286041690154,3.9889840465642745,13.965613628691306,13.593601151605284,716.896,1620.811107887337,21421406.10218704,7818813227.298268,122000,7.391298771597458,16.87990131187146,6.576324711760257
6013,2024,58,58,9.433962264150942,Contra Costa County,CA,6,13,814744.3933013172,817302.7456886193,821753.1165272157,2.0368372243374955,6,13,4.238095,5.830435,7.818182,6.033124373390558,16.134783,1169534,4.959240176001724,4.077537444,13.972116791877925,13.613764862960977,716.897,1631.3835878794305,21682066.82,7913954390.285501,126787,7.397796549498893,16.891996109263236,6.576326104718712
6019,2023,28,28,,Fresno County,CA,6,19,375657.9092,379178.5965942636,385194.07833811536,,6,19,4.426087,6.886957,12.821739,9.120924559831066,34.413043,1025304,2.730897372876727,3.367295829986474,13.840500687267768,12.845762604189476,5958.383,172.0775586262246,20884414.341649253,7622811234.701978,71271,5.153739809792818,16.854513761346286,8.692722231210537
6019,2024,29,29,3.571428571428581,Fresno County,CA,6,19,394544.4763294187,398605.0607,399385.45965514326,5.123301865414232,6,19,4.46304325,7.0176135,11.1730235,8.516798719,34.086957,1033698,2.805461556470072,3.4011973816621555,13.848654189157443,12.895726382866888,5958.582,173.48053614098117,21138540.82,7715567399.226999,74244,5.161813194681988,16.866608558723634,8.692755623371689
6019,2025,28,28,-3.448275862,Fresno County,CA,6,19,399936.0569,401273.8133661186,402169.7620797643,0.6695230247596884,6,19,4.9264825000000005,9.204545,14.102174,10.167729510779436,28.93913,1035456,2.704122628098152,3.367295829986474,13.850353433122624,12.902399299618287,5958.582,173.7755727788927,21410125.247694045,7814695715.408326,74244,5.163502709628512,16.879374557217982,8.692755623371689
6023,2023,3,3,,Humboldt County,CA,6,23,470134.4913799185,479710.1485645358,480457.36750537937,,6,23,0.633333,1.17619,2.2125,1.6618794575342466,7.325,133956,2.239541341933172,1.3862943611198906,11.805274131912675,13.080937343331692,3568.025,37.54345891634728,3152382.788,1150619717.6630406,61307,3.651786407696648,14.963669482737432,8.180047728228866
6023,2024,7,7,133.33333333333334,Humboldt County,CA,6,23,455721.6162575508,458055.1887815608,458987.00508117536,-4.514175872,6,23,0.72187475,1.1154765000000002,1.981331,1.4859003360655738,8.580952,132324,5.290045645536713,2.0794415416798357,11.793016296726188,13.034744955359896,3568.024,37.086073412062255,3190741.725,1164620729.6980002,58960,3.6398486880688283,14.975764276876813,8.180047448
6025,2023,8,8,,Imperial County,CA,6,25,308734.4579174514,313862.5251,318392.6096,,6,25,4.19999975,6.602174,9.776087,7.611201443835616,31.704348,180683,4.427643995284559,2.1972245773362196,12.104504928111044,12.656710350867174,4175.528,43.27189280014407,8314263.518,3034706184.088312,58768,3.7903500016498803,15.933483214267694,8.337235558351628
6025,2024,6,6,-25,Imperial County,CA,6,25,329275.8256880496,334594.4528175009,337010.72912649263,6.605416726320068,6,25,4.45548675,6.977019,11.46304375,8.612516919889503,35.904348,182771,3.2827965049159875,1.9459101490553132,12.115994753403504,12.720674488848424,4175.528,43.77194931994229,8415433.436999999,3071633205,60477,3.801581812067618,15.945578010774739,8.337235558351628
6025,2025,11,11,83.33333333333333,Imperial County,CA,6,25,348367.0039384921,351821.1546585227,359108.9690647672,5.148531810961554,6,25,4.180434999999999,6.373913,10.1586955,7.623105997389034,24.265217,181411,6.063579386035026,2.4849066497880004,12.10852596662516,12.77087824210568,4175.453,43.44702239493535,8523553.515,3111097032.858018,60477,3.7942979719756478,15.958344008361838,8.337217600690764
6029,2023,31,31,,Kern County,CA,6,29,327478.79394221003,331967.53611561854,338523.58467489854,,6,29,5.021739,8.645652,14.55869575,10.380991182671082,32.426087,917599,3.37838206,3.4657359027997265,13.729516844797297,12.712792460333295,8134.673,112.8009693813138,24124923.72784199,8805597160.662325,68436,4.734451039945175,16.998756085095003,9.004013745180274
6029,2024,41,41,32.258064516129025,Kern County,CA,6,29,347885.01336743403,353010.15952182445,355498.60722326697,6.338759401725702,6,29,5.047826,8.182609,12.525453,9.330908293497364,25.734783,924648,4.434119794775958,3.7376696182833684,13.737169485022145,12.774252116016367,8134.673,113.66750697907588,24418481.49,8912745743,71295,4.742036696984331,17.010850882549672,9.004013745180274
6029,2025,45,45,9.756097560975618,Kern County,CA,6,29,357776.7397,359070.44525731425,359927.1505011232,1.7167454171004293,6,29,5.427174,9.136051,13.854348,9.932648531343284,24.865217,927068,4.8540128663701045,3.828641396489095,13.739783275434903,12.79127387456404,8134.673,113.96499896185132,24732206.043915004,9027255206.028976,71295,4.744627725183836,17.023616881124624,9.004013745180274
6031,2023,8,8,,Kings County,CA,6,31,322263.73640550894,326031.59299509285,332112.05943787267,,6,31,3.6391305,5.468182,8.5717395,6.768570763532763,20.982609,153197,5.222034374041267,2.1972245773362196,11.939486481373125,12.694749566681166,1390.972,110.13665264290007,4059558.8855566494,1481738993.2281773,65768,4.710760549015088,15.216585123129677,7.238476725749528
6031,2024,7,7,-12.5,Kings County,CA,6,31,341116.1889989338,343664.00413869816,344422.5987452412,5.408190961380455,6,31,4.118478,6.060869500000001,9.1565215,7.159821986338797,19.86087,154119,4.541944861,2.0794415416798357,11.945486798740093,12.747419726886907,1390.972,110.79949848019946,4108956.555,1499769143,71731,4.716707075,15.228679918121273,7.238476725749528
6031,2025,13,13,85.71428571428572,Kings County,CA,6,31,349823.8678645024,350280.49499599147,351046.9577,1.9252789869208973,6,31,3.904545,5.713636,9.2,7.104451961325967,19.091304,154327,8.423671813746136,2.639057329615259,11.946835486567725,12.766489526778908,1390.972,110.94903420054466,4161747.740123287,1519037925.1449995,71731,4.718043715946761,15.241445914128581,7.238476725749528
6037,2023,723,723,,Los Angeles County,CA,6,37,807636.1234812865,822969.3383555934,847979.6756134004,,6,37,6.2596015000000005,10.020833,16.34375,12.140627419753086,47.941667,9732568,7.428666308830311,6.584791392385716,16.090988448089703,13.620674223018156,4060.246,2397.038997144508,190784500.94772685,69636342846,86499,7.782406597817409,19.06665508699033,8.309245102064388
6037,2024,694,694,-4.011065007,Los Angeles County,CA,6,37,863031.5362454138,868337.7132486831,882030.8642331418,5.512766123673818,6,37,6.64687475,10.81875,16.9020835,12.57491188,50.254167,9748868,7.118775226005727,6.543911845564792,16.092661836245508,13.67433598853716,4060.254,2401.0488013804065,193106011.7,70483694286,90757,7.784077319,19.078749884880306,8.309247071901261
6037,2025,679,679,-2.161383285,Los Angeles County,CA,6,37,867604.8054046576,872684.8161895913,878410.3337101204,0.5006235332845943,6,37,5.695833,8.720833,13.354167,10.499394868830825,51.633333,9694934,7.003657787,6.522092798170152,16.087114142149566,13.679329734340243,4060.29,2387.744225166183,195587005.3996957,71389256970.88893,90757,7.778523078038712,19.09151588390905,8.309255936119172
6039,2023,8,8,,Madera County,CA,6,39,385943.23041334056,388287.9495524715,392874.2130160091,,6,39,3.304348,4.617391,6.63913,5.258262279452055,14.33913,163632,4.889019262735895,2.1972245773362196,12.00538139,12.869502481378996,2136.918,76.57383203286227,5168159.869481625,1886378352.360793,66084,4.351230154247686,15.458027451955779,7.667587737247976
6039,2024,3,3,-62.5,Madera County,CA,6,39,401426.6060098996,405925.0278888045,407947.7434548959,4.542267756869833,6,39,3.29659125,4.4839825,6.1144885,4.900590071038252,13.666667,166132,1.8057929838923263,1.3862943611198906,12.020543951364711,12.91392376115964,2136.709,77.75134564416587,5231047.257,1909332249,71161,4.366295365104715,15.47012224758261,7.667489973808758
6039,2025,4,4,33.33333333333333,Madera County,CA,6,39,412791.3448140048,413353.7991306256,414179.0480465714,1.830084555381517,6,39,3.440909,4.868182,7.091304,5.469678325842697,11.604348,167927,2.381987411196532,1.6094379124341003,12.031290595093843,12.932059161713038,2136.709,78.59142260363953,5298254.875409138,1933863029.524336,71161,4.3769063308085325,15.482888244252125,7.667489973808758
6041,2023,21,21,,Marin County,CA,6,41,1373959.765459549,1397429.9849439603,1429699.0442379068,,6,41,2.220773,3.813043,8.043478499999999,5.590101319559229,22.330435,255443,8.221012124,3.091042453358316,12.450758486520678,14.150145382537342,520.141,491.1033738928483,6144035.418099418,2242572927.6062875,139197,6.1986888039606995,15.630992481217113,6.256020638536068
6041,2024,22,22,4.761904761904767,Marin County,CA,6,41,1424231.0588897008,1440998.3054695409,1447013.5001771906,3.1177462194878824,6,41,6.74130425,8.269565,10.06630425,8.265456166666667,15.652174,255704,8.603698026,3.1354942159291497,12.451779715253135,14.18084669904033,520.141,491.6051609082922,6218797.49,2269861084,145395,6.1997079625058795,15.643087277213414,6.256020638536068
6047,2023,13,13,,Merced County,CA,6,47,395472.9722249832,399410.4071503976,403469.3115649248,,6,47,3.656522,5.286957,8.390476,6.356404046575342,18.170833,294319,4.416976138135832,2.639057329615259,12.592422889778655,12.897744756585812,1938.004,151.86707560975108,8562059.034279734,3125151547.512103,58962,5.029568756914029,15.962851377374632,7.569929718159554
6053,2023,30,30,,Monterey County,CA,6,53,788140.7725557595,800144.6905816065,818631.7913393925,,6,53,1.26087,2.25,4.26087,3.045704336134454,12.791667,434107,6.9107385967054205,3.4339872044851463,12.98104863,13.59254785352329,3281.718,132.28040922468048,10344517.510249248,3775748891.240976,86809,4.892455248827088,16.151967324845092,8.096427016766844
6053,2024,27,27,-10,Monterey County,CA,6,53,834176.6534749849,846095.6123610721,849286.0980181241,5.7428265562900815,6,53,1.40217375,2.5603865,4.173913,3.051152909836065,10.217391,433447,6.229135280668687,3.332204510175204,12.979527114143796,13.648387649177685,3281.718,132.07929505216475,10470392.04,3821693094,91761,4.890945153962852,16.164062121635922,8.096427016766844
6053,2025,28,28,3.703703703703698,Monterey County,CA,6,53,833870.8075519251,837146.7582,845899.407,-1.057664647,6,53,1.217391,2.173913,4.458333,2.9683182265193366,9.416667,433729,6.455643962013146,3.367295829986474,12.980177499670043,13.637754672452894,3281.718,132.16522565314875,10604913.879711429,3870793566.0946712,91761,4.891590655351877,16.176828119518856,8.096427016766844
6059,2023,274,274,,Orange County,CA,6,59,980627.1004957564,1000203.9083276564,1042991.106804612,,6,59,6.801190500000001,12.791667,18.9604165,13.803588892364305,43.085,3149341,8.700232842362894,5.616771097666572,14.962704100092605,13.815714445505453,792.861,3972.122478,61504731.11,22449226854.87676,109768,8.287307582925646,17.934624674682517,6.676908382949533
6059,2024,135,135,-50.72992701,Orange County,CA,6,59,1093309.430250533,1124539.229,1143320.805,12.43099724,6,59,7.14375,13.341667,19.339583500000003,14.056735325114154,40.85,3158027,4.274820956248949,4.912654885736052,14.965458340129539,13.932883935500005,792.867,3983.047598146978,62253135.18,22722394340.66349,114858,8.290053566,17.94671947244004,6.676915941
6059,2025,235,235,74.07407407407408,Orange County,CA,6,59,1151473.1207729762,1157847.4430759712,1166181.010670179,2.961943315,6,59,5.4125,10.656522,16.06875,11.610700434676437,33.275,3149507,7.461485241975967,5.4638318050256105,14.962756808126622,13.962073186705778,793.249,3970.388869068855,63052953.02194365,23014327853.00944,114858,8.286871153576394,17.959485471330712,6.677397014099415
6061,2023,9,9,,Placer County,CA,6,61,661299.0180143107,667593.4096073495,672589.9374934171,,6,61,3.313043,4.895652,7.747826,5.833500663013699,18.23913,425195,2.116675878126507,2.302585092994046,12.960305518067956,13.41143459895259,1407.084,302.18167501016285,9625672.334448528,3513370402.0737123,110020,5.714332213320895,16.079944392517078,7.249985194029364
6061,2024,30,30,233.3333333333333,Placer County,CA,6,61,677695.1822560632,682627.0059,683078.9089882985,2.251909031449051,6,61,3.195652,4.708696,7.326087,5.453483332,17.017391,434279,6.908001538181676,3.4339872044851463,12.981444766345788,13.433703877959568,1407.073,308.63999238134767,9742799.785,3556121922,115845,5.735410307731641,16.09203918922112,7.249977381964909
6061,2025,23,23,-23.33333333,Placer County,CA,6,61,674847.9370460192,677511.6280501136,686041.1525358263,-0.749366462,6,61,2.495455,3.578261,6.586957,4.883960697560975,14.878261,442081,5.202666479672277,3.1780538303479458,12.999250664215053,13.426181994762306,1407.401,314.1116142449806,9867973.643044071,3601810379.7110868,115845,5.752926907001698,16.10480518701358,7.250210297306206
6065,2023,82,82,,Riverside County,CA,6,65,574830.3911488513,580348.8783896789,589498.6621573861,,6,65,4.4645835,7.316667,11.814583,8.953553366,34.572222,2503742,3.2750978335627234,4.418840607796598,14.733297370151966,13.271384716150253,7209.253,347.29562133552537,55856104.11434372,20387478001.73546,90251,5.853051606,17.838289390206157,8.883259319815915
6065,2024,49,49,-40.24390244,Riverside County,CA,6,65,605866.9821064818,611955.0298943068,614794.5682424046,5.446060582097956,6,65,5.15937475,7.845833,12.629167,9.736800958371456,38.463158,2529112,1.9374389113649373,3.912023005428146,14.743379206346274,13.324414078229776,7209.254,350.81466126731004,56535774.36,20635557641,92611,5.863104506441645,17.850384187943913,8.883259458507295
6065,2025,84,84,71.42857142857142,Riverside County,CA,6,65,600440.7275854631,604919.8269868244,611584.4900893407,-1.149627434,6,65,4.133333,6.308333,9.9375,7.747043449355433,31.366667,2544916,3.300698333461694,4.442651256490317,14.749608594468345,13.312851210854625,7209.021,353.01825310260574,57262136.51,20900679825.685394,92611,5.869348474241217,17.86315018681398,8.883227142896112
6067,2023,87,87,,Sacramento County,CA,6,67,513939.9237,519424.8994390009,524151.0975,,6,67,2,3.655499,7.49130425,5.343439800501883,25.263158,1596637,5.448953018124971,4.477336814478207,14.283410726486832,13.160477515912353,965.28,1654.066177689375,31326793.15943321,11434279503.193125,89984,7.411596273530984,17.259984332746544,6.873453647285116
6067,2024,53,53,-39.08045977,Sacramento County,CA,6,67,532582.1159769929,537001.3202760408,537283.8728821605,3.3838233122869488,6,67,1.9,3.504348,6.75,4.882634499413833,23,1609897,3.292136080755477,3.9889840465642745,14.291681380916426,13.19375583210258,965.28,1667.8031244820156,31707984.97,11573414512,93331,7.419861957,17.272079130315774,6.873453647285116
6067,2025,144,144,171.69811320754715,Sacramento County,CA,6,67,522399.8274710596,527013.3535449102,533812.3135604511,-1.859951988,6,67,1.2041665,2.434783,5.488095,4.024162563117454,22,1618460,8.897346860595876,4.976733742420574,14.296986255672572,13.174981165997373,965.38,1676.500445420456,32115363.83926693,11722107801.33243,93331,7.425060134372154,17.284845129010154,6.873557132
6071,2023,86,86,,San Bernardino County,CA,6,71,514581.1298611516,520045.4934425927,527486.9592528023,,6,71,7.85353225,14.6565215,21.8510415,15.701111491960184,53.866667,2203706,3.902516942,4.465908118654584,14.60565150030873,13.161671574120414,20068.167,109.81102559092716,60408321.82,22049037465.27758,84576,4.707826278305883,17.916637448489627,9.906939936195606
6071,2024,84,84,-2.325581395,San Bernardino County,CA,6,71,543473.3579762643,548645.4086927115,553149.0131439411,5.499502564822434,6,71,8.195455,15.666667,23.2375,16.57249195631641,55.733333,2218764,3.785891604514946,4.442651256490317,14.61246129274639,13.215207626011948,20068.167,110.56136816082903,61143384.53,22317335352,87665,4.7145748265853875,17.928732246243605,9.906939936195606
6071,2025,126,126,50,San Bernardino County,CA,6,71,543519.6537530965,546271.7275336431,553021.8339787337,-0.432643948,6,71,7.070833,13.408333,19.690909,14.106200243029985,46.1375,2224091,5.665235819937224,4.844187086458591,14.614859300403499,13.210871800406197,20068.42,110.82541625100532,61928944.47833557,22604064734.592484,87665,4.716938871654978,17.941498245130575,9.906952542518793
6073,2023,173,173,,San Diego County,CA,6,73,842107.4925508604,861061.9494,892368.1873430725,,6,73,3.336364,5.719048,10.8765155,7.816105547642929,33.218182,3279736,5.274814802167004,5.159055299214529,15.003273794218675,13.665921731344202,4210.46,778.9495684557031,76012493.08734348,27744559976.88037,103476,6.659229261767337,18.14640828062518,8.345564659906682
6073,2024,187,187,8.092485549132956,San Diego County,CA,6,73,932151.3514,948026.4291,948660.1613,10.099677464983548,6,73,3.654545,6.059091,10.589474,7.819478043835616,32.26,3287542,5.688140257979974,5.236441962829949,15.005651035230525,13.76213765964602,4210.462,780.8031517681432,76937431.03,28082162325,108754,6.661602984775828,18.15850307842001,8.345565135
6075,2023,90,90,,San Francisco County,CA,6,75,1237148.206863625,1240314.9288706067,1243152.771457791,,6,75,2.782609,5.030435,10.530435,7.566763671232876,28.134783,816926,11.016909732338055,4.510859507,13.613305018564887,14.030875880230706,46.7,17493.06209850107,6473839.696276346,2362951489.1408663,125456,9.769616793676317,15.683280106473632,3.8649313978942956
6075,2024,59,59,-34.44444444,San Francisco County,CA,6,75,1221246.3290171588,1241808.5985983568,1244468.0787310647,0.1204266507628171,6,75,7.969565,10.8369565,14.481522,11.2212496,22.486957,820945,7.186839556852164,4.094344562,13.618212612824381,14.032079422191064,46.685,17584.770268822962,6552614.904200001,2391704440.0330005,137184,9.774845346554574,15.695374902569615,3.864616883030876
6077,2023,39,39,,San Joaquin County,CA,6,77,527412.3257078514,531920.5109773858,535391.1804604868,,6,77,3.221739,4.526087,7.016368999999999,5.867254921450151,24.852174,806055,4.838379515045499,3.6888794541139363,13.599908497983407,13.184249341704138,1392.238,578.9635105,19318558.099524584,7051273706.326473,86211,6.362965188630329,16.776576803197415,7.2393858134572335
6077,2024,26,26,-33.33333333,San Joaquin County,CA,6,77,544379.2182787077,548402.7362754046,548605.9929698899,3.0986256325655326,6,77,3.0508895000000003,4.791304,7.843478,5.759242475465313,21.204348,817149,3.181794262735438,3.295836866004329,13.613577955521205,13.214765216219126,1392.238,586.9319757110494,19553630.87,7137075267,91854,6.376611253640061,16.7886716,7.2393858134572335
6077,2025,14,14,-46.15384615,San Joaquin County,CA,6,77,530419.7384788181,537815.8285175905,546682.9735374844,-1.930498712,6,77,3.97065225,5.354348,8.313043,6.544280919117647,23.578261,823815,1.6994106686574049,2.708050201,13.621702482985361,13.195271454361459,1392.301,591.6931755,19804852.64031648,7228771213.715515,91854,6.384676854470712,16.80143759897381,7.239431030839808
6079,2023,35,35,,San Luis Obispo County,CA,6,79,813582.3901879771,826840.7966072257,849687.2671083076,,6,79,1.247826,2.117391,3.567391,2.825559614855571,13.856522,282225,12.401452741606873,3.583518938,12.550463447395682,13.62536744834847,3300.842,85.50091158558938,8504046.154677879,3103976846.457426,89809,4.4601549524440305,15.956052743988298,8.102235773547228
6079,2024,16,16,-54.28571429,San Luis Obispo County,CA,6,79,861784.0295649036,870120.5477800978,871504.4370942329,5.234351201641463,6,79,1.23104625,2.026087,3.292391,2.536913968579235,12.309524,282153,5.670682218512651,2.833213344056216,12.550208300153077,13.676387041698902,3300.842,85.47909896929329,8607525.394,3141746769,99646,4.459902754327707,15.96814754052761,8.102235773547228
6079,2025,26,26,62.5,San Luis Obispo County,CA,6,79,878106.5791105258,878884.3465741227,881113.0408540185,1.0071936372935353,6,79,1.026087,1.856522,2.952632,2.2389068642201835,12.613043,282367,9.207874858,3.295836866004329,12.550966463733065,13.686408594147371,3300.842,85.54393091217331,8718113.436426196,3182111404.295562,99646,4.460652156831624,15.98091353814835,8.102235773547228
6081,2023,110,110,,San Mateo County,CA,6,81,1473572.8892894927,1488921.547273632,1502148.900377242,,6,81,3.67197,6.473913,10.128261,7.727951417827298,29.978261,733949,14.987417381861682,4.709530201312334,13.50619618538538,14.21356262208038,448.606,1636.065946509855,17650483.7,6442426551.957481,151004,7.400660861538248,16.686273802949117,6.108371643686165
6081,2024,175,175,59.09090909090908,San Mateo County,CA,6,81,1506623.968102694,1545010.0018015108,1548505.7711159708,3.7670523763043473,6,81,6.802329,9.193478,11.280435,9.06390955,15.152381,740627,23.62862818,5.170483995038151,13.51525375393034,14.250540941950964,448.62,1650.900539432036,17865258.95,6520819517,158569,7.4096817461135185,16.698368600220995,6.1084027815758635
6083,2023,45,45,,Santa Barbara County,CA,6,83,875558.0167,893351.7386,923544.9285053668,,6,83,0,0.354545,0.956522,0.7142116572934973,10.036364,442878,10.160811781122566,3.828641396489095,13.001051874020861,13.70273566651714,2733.941,161.99252288180324,9126997.802439006,3331354197.8902373,90155,5.093704327863837,16.026747480288204,7.913865142411332
6083,2024,46,46,2.2222222222222143,Santa Barbara County,CA,6,83,951327.2789400507,963212.9032646902,970093.4776138344,7.820118504458873,6,83,0.130435,0.782609,1.347826,0.9850441061130334,9.913043,443081,10.381848917015173,3.8501476017100584,13.001510133478224,13.778029749693529,2733.941,162.0667746670466,9238057.264,3371890901,94572,5.094159777452823,16.038842276924004,7.913865142411332
6083,2025,16,16,-65.2173913,Santa Barbara County,CA,6,83,955653.4459016284,961936.6998322466,967909.6576,-0.132494429,6,83,0.086957,0.608696,1,0.8093122812148481,11.434783,442065,3.619377240903487,2.833213344056216,12.999214471179492,13.77670392689271,2733.941,161.69514996848872,9356746.274,3415212390.1803784,94572,5.091878204121724,16.05160827464533,7.913865142411332
6085,2023,266,266,,Santa Clara County,CA,6,85,1419422.6274476442,1449991.4449233664,1498609.3688088383,,6,85,6.2,9.417391,14.117391,10.948361614540469,33.38,1890377,14.071267265735882,5.587248658,14.452287367038492,14.187068214326501,1291.084,1464.1781634657389,33802581.74751474,12337942337.84288,154573,7.289732127344065,17.336047770182315,7.164011697709008
6085,2024,131,131,-50.7518797,Santa Clara County,CA,6,85,1557205.4863675102,1601714.6398463524,1638433.3296568545,10.463730351940438,6,85,9.441667,13.971344,17.061907,13.168280490384616,23.078261,1907910,6.866151967335986,4.882801922586371,14.461519484200117,14.286585263307131,1291.084,1477.7582248715032,34213899.53,12488073329,166984,7.298957977,17.34814256777965,7.164011697709008
6095,2023,19,19,,Solano County,CA,6,95,571903.5101575474,577203.8941793041,583126.1858954892,,6,95,2.34779425,3.849185,8.2569375,5.819143421212121,23.91875,451377,4.209341636813573,2.995732273553991,13.020060404916022,13.265950852531486,821.736,549.2968544642075,14647419.807690913,5346308229.807182,99117,6.3104578680112295,16.49977482384548,6.712635371574146
6095,2024,35,35,84.21052631578947,Solano County,CA,6,95,589170.4702894284,590534.4990520366,591671.0338586259,2.309514022196013,6,95,6.7088935,8.486364,10.5136365,9.737746054545456,62.995652,455076,7.691023037910152,3.583518938,13.028221914384407,13.288783336371118,821.736,553.7983001840007,14825653.07,5411363369,94968,6.3186046246003675,16.511869620977713,6.712635371574146
6097,2023,46,46,,Sonoma County,CA,6,97,776806.8825551218,787972.5644506873,796105.0083888088,,6,97,1.286957,2.326087,4.543478,3.245599808219178,11.386957,483405,9.515830411,3.8501476017100584,13.088612159255582,13.577218551546956,1575.337,306.8581516208913,10211342.565380404,3727140036.3638473,100157,5.729639130203959,16.139009774566528,7.362859080046226
6097,2024,55,55,19.565217391304344,Sonoma County,CA,6,97,800552.3033129065,803796.3731809035,805085.6488508349,2.008167472334188,6,97,3.428261,4.608696,5.256818,4.393455423728813,7.891304,485363,11.331724915166587,4.025351691,13.092654403887643,13.597101248895623,1575.337,308.10106028107003,10335596.59,3772492755,105956,5.733668279352408,16.151104571342202,7.362859080046226
6099,2023,16,16,,Stanislaus County,CA,6,99,434850.6520368824,439269.2080157617,446232.6625598578,,6,99,4.738095,6.704348,10.047826,7.812128276712329,20.213043,554459,2.885695786343084,2.833213344056216,13.225749946110142,12.992867734212803,1496.15,370.5905156568526,11647966.598694203,4251507808.523385,81582,5.917792483623796,16.270642267709224,7.311318579800705
6099,2024,12,12,-25,Stanislaus County,CA,6,99,457543.9909,461738.1525637917,463261.3985,5.115073885903665,6,99,4.64930875,6.65,8.79806825,7.129661420765027,18.56087,557372,2.152960679761452,2.5649493574615367,13.230989953674854,13.042753240046977,1496.15,372.5375129499048,11789701.8,4303241158,77812,5.923018435807679,16.282737064630105,7.311318579800705
6099,2025,12,12,0,Stanislaus County,CA,6,99,460276.7356407737,462780.6562274588,464402.8077967425,0.2257781077605436,6,99,6.11413075,8.0089025,11.0130435,8.690575333333333,17.917391,557719,2.151621156890836,2.5649493574615367,13.231612323308957,13.045008476166803,1496.15,372.7694415666878,11941173.914638285,4358528478.842974,77812,5.923639140921763,16.29550306264861,7.311318579800705
6101,2024,2,2,,Sutter County,CA,6,101,430528.5215285322,435624.6811867659,436336.75677181967,3.2637790545535283,6,101,3.0336955,4.4248915,6.501087,5.036309109195402,13.852174,98933,2.0215701535382533,1.0986122886681096,11.502208240129024,12.984536328644184,602.696,164.15074929981284,2683894.095,979621344.8,74183,5.106858688912869,14.802779691101218,6.403070759972909
6107,2023,19,19,,Tulare County,CA,6,107,328959.81383373606,331508.87883514457,335967.0917091837,,6,107,4.6,6.091304,9.1652175,7.172163610027855,19.265217,480816,3.951615586835713,2.995732273553991,13.08324201931517,12.711409872065799,4823.899,99.67372865808342,10188292.233059244,3718726665.066624,71368,4.611884878478824,16.13674989686784,8.481545081
6107,2024,9,9,-52.63157895,Tulare County,CA,6,107,342288.35567063873,346224.22906902886,347689.7379785703,4.438900787692646,6,107,5.308696,6.791304,8.708696,7.216622269565217,15.405882,483851,1.8600767591675949,2.302585092994046,13.089534353812997,12.754841905032228,4823.9,100.30286697485438,10312265.78,3763977008,68907,4.6181147126789694,16.14884469364085,8.481545288
6107,2025,21,21,133.33333333333334,Tulare County,CA,6,107,352220.63377549977,353411.4279952116,354284.1357862945,2.0758798266396816,6,107,4.0743205,5.573913,9.2108695,6.934968532374101,19.178261,485146,4.328593866588615,3.091042453358316,13.092207216779787,12.775388175626196,4823.9,100.57132195941044,10444756.036796806,3812335953.430834,68907,4.620761231121319,16.161610691505206,8.481545288
6111,2023,44,44,,Ventura County,CA,6,111,807549.2116135501,819839.6370562871,840562.4706113131,,6,111,2.26087,3.521739,5.434783,4.275562485596708,20,832071,5.288010277969068,3.8066624897703196,13.631674254520647,13.616864035549689,1840.775,452.0221102524752,16782658.792643223,6125670459.314776,106526,6.115940932796298,16.635856756134682,7.51848506
6111,2024,9,9,-79.54545455,Ventura County,CA,6,111,862637.5999225464,877017.5662959819,879937.8575400315,6.974282122415731,6,111,2.869565,4.456522,6.478261,5.145231390710382,18.869565,833431,1.079873438832969,2.302585092994046,13.633307394161593,13.684282301137738,1840.78,452.7596996925217,16986874.14,6200209062,112872,6.117567762083412,16.64795155337134,7.518487774285969
6111,2025,35,35,288.88888888888886,Ventura County,CA,6,111,866479.4401849537,870634.5156477601,877650.0763,-0.727813318,6,111,2.304348,3.434783,5.1413045,4.0080233750000005,17.375,830851,4.212548339,3.583518938,13.630206959299839,13.676977553130863,1840.78,451.3581199274221,17205118.652679898,6279868308.228163,112872,6.1144741668520854,16.660717551719028,7.518487774285969
6113,2023,13,13,,Yolo County,CA,6,113,604252.1705201718,609031.4992550766,614463.4366725411,,6,113,2.07840925,2.817391,4.1911565,3.3767422955801107,11.221739,221962,5.856858381164344,2.639057329615259,12.310265980297318,13.31962526826919,1012.988,219.11611983557555,5752098.826660754,2099516071.7311752,91192,5.394155224540169,15.56507553335425,6.921646349761576
6113,2024,29,29,123.07692307692308,Yolo County,CA,6,113,622590.3322167071,625269.8065,625521.4217696071,2.6662508076572333,6,113,2.159783,2.8652175,3.98043475,3.2536500824175825,10.719048,223260,12.989339783212396,3.4011973816621555,12.316096769641376,13.345938525967044,1012.988,220.3974775614321,5822091.721500001,2125063478.3475003,87386,5.399959627081505,15.577170329217225,6.921646349761576
6113,2025,16,16,-44.82758621,Yolo County,CA,6,113,615320.295,619477.5543,624332.4615824409,-0.926360448,6,113,1.733877,2.386957,3.3065215,2.7832320805687205,9.834783,224410,7.12980705,2.833213344056216,12.32123447,13.336631747433682,1012.988,221.5327328655424,5896892.979676213,2152365937.5818176,87386,5.405074204788529,15.589936326132912,6.921646349761576
8001,2023,42,42,,Adams County,CO,8,1,491878.08220441965,494945.3989876426,498007.23935958266,,8,1,9.232609,13.36087,21.0434785,15.85565256473829,51.034783,537158,7.818928508930334,3.7612001156935624,13.194049419050666,13.112202730391306,1166.74,460.3922039186109,13294824.694675265,4852611013.556471,95278,6.134248449018255,16.402885471981005,7.062825535868779
8001,2024,52,52,23.809523809523814,Adams County,CO,8,1,499965.9595920214,500315.56411292334,501150.8941176562,1.085001524666129,8,1,8.278261,12.519565,18.99673925,14.41227132240437,43.578261,549257,9.467334963414212,3.970291913552122,13.216323555457125,13.122994306552515,1166.792,470.7411432371837,13345811.79,4871221303,100686,6.15643041,16.406713244923356,7.062870065337875
8001,2025,79,79,51.92307692307692,Adams County,CO,8,1,484229.79384508845,487916.1778263649,495842.6254131415,-2.478313124,8,1,7,10.495652,14.956522,12.189172553113554,40.304348,554668,14.24275422,4.382026634673881,13.226126818417102,13.097898903332434,1166.8,475.37538567020914,13510202.620357873,4931223956.430624,100686,6.166206168787419,16.41895578164796,7.062876915849437
8007,2023,2,2,,Archuleta County,CO,8,7,530916.4705,536465.2132290087,540274.0002936604,,8,7,1.57017025,2.0766305000000003,2.8713065,2.3039861,5.690909,14156,14.128284826222098,1.0986122886681096,9.557964480394498,13.192756998743793,1350.088,10.485242443455538,494562.1405261729,180515181.2920531,74432,2.4410629454920967,13.11143010748767,7.208665472774484
8007,2024,2,2,0,Archuleta County,CO,8,7,544407.9181986371,545755.2584509465,549000.5076757801,1.731714376,8,7,1.3451085,1.6638585,2.334171,1.9088049152542368,4.8,14134,14.150275930380644,1.0986122886681096,9.556409270127691,13.209925909640067,1350.088,10.468947209367093,496458.84,181207476.6,77215,2.439643140474163,13.115257872992474,7.208665472774484
8007,2025,1,1,-50,Archuleta County,CO,8,7,561065.0124850592,561693.7959634352,563315.9272605558,2.9204551427920444,8,7,1.49895825,1.836051,2.266667,1.943373388157895,4.066667,14306,6.990074094785405,0.6931471805599453,9.568504206966335,13.238712133352593,1350.089,10.59633846,502574.1129,183439551.2024344,77215,2.450689398284372,13.127500386119479,7.208666212918449
8031,2023,38,38,,Denver County,CO,8,31,566424.8639313942,569179.1184335104,570917.6438903724,,8,31,11.486957,17.0586955,24.67717425,18.98378917407408,56.104348,726763,5.228664640329791,3.6635616461296463,13.496357082081467,13.251950458708855,153.074,4747.788651240576,14812822.378838656,5406680168.276109,93572,8.465644843713898,16.51100381,5.037433006481634
8031,2024,60,60,57.89473684210527,Denver County,CO,8,31,563693.2718541613,566314.1078120074,568544.8624728301,-0.50335835,8,31,11.278261,16.934783,23.7130435,18.16599307045291,47.931579,741591,8.090713074996865,4.110873864173311,13.516554505689081,13.246904164050125,153.074,4844.656832643035,14869631.16,5427415373,92395,8.485838084309165,16.51483158,5.037433006481634
8031,2025,67,67,11.66666666666667,Denver County,CO,8,31,539629.5228448483,542345.5557682656,554539.1544909512,-4.232377706,8,31,9.93781675,14.523913,20.496739,15.912423333018866,47.842105,740613,9.046560079285673,4.219507705176107,13.515234850874661,13.203658634036827,153.074,4838.267765917138,15052792.07,5494269105.0402775,92395,8.4845187,16.527074117893935,5.037433006481634
8045,2023,12,12,,Garfield County,CO,8,45,593622.3580270199,606511.8706112198,618606.9245,,8,45,1.571603,2.041304,2.8233095,2.310662378881988,9.74,63215,18.982836352131613,2.5649493574615367,11.054312712651171,13.315479579493289,2947.425,21.447534712503284,2527537.539273932,922551201.8349853,94696,3.111180795797789,14.742756477742288,7.989026408454332
8045,2024,11,11,-8.333333333,Garfield County,CO,8,45,636758.0748356518,645563.1621333449,652998.0038107694,6.438668955113891,8,45,2.06903375,2.4,2.91458325,2.65234275,7.679167,63820,17.23597618301473,2.4849066497880004,11.063837568778734,13.37787833441731,2947.425,21.652798629312024,2537230.92,926089285.8,91858,3.120283404089186,14.746584249460472,7.989026408454332
8045,2025,3,3,-72.72727273,Garfield County,CO,8,45,662335.7593531719,668961.3289307741,680842.0407779865,3.624458173869005,8,45,1.51141325,2.039394,2.66915725,2.213545452380952,5.683333,63474,4.726344645051517,1.3862943611198906,11.058401406572878,13.413481533150806,2947.425,21.535408025649502,2568483.9830816328,937496653.8,91858,3.1150877622866378,14.758826782301075,7.989026408454332
8059,2023,12,12,,Jefferson County,CO,8,59,611461.0871809445,617280.9849348492,624054.7986517459,,8,59,1.44397225,2.1242095,3.328261,2.79899436,14.443478,578084,2.075822890790958,2.5649493574615367,13.267476195665955,13.333079604302895,764.383,756.2753227112586,11887195.814173711,4338826472.173406,102146,6.629726889706446,16.29097248091947,6.640376362136111
8059,2024,8,8,-33.33333333,Jefferson County,CO,8,59,630319.6248265016,633193.928,635445.0025266034,2.577909158903924,8,59,1.4779265,2.055731,2.90000025,2.5147931675824178,20.920833,580359,1.3784571273987307,2.1972245773362196,13.271403879629622,13.358532017555776,764.39,759.2446264341501,11932784.5,4355466343,109969,6.633640258376165,16.294800253827795,6.640385507842234
8059,2025,54,54,575,Jefferson County,CO,8,59,622045.5936,623011.6762958692,630401.6447713008,-1.60807791,8,59,1.557609,2.076087,2.70326075,2.362755773076924,9.617391,580451,9.303110857,4.007333185232471,13.271562389362796,13.342320539641904,764.424,759.3312088579113,12079769.96505102,4409116037.243623,109969,6.633754139475476,16.307042790444434,6.640429928653653
8067,2023,11,11,,La Plata County,CO,8,67,604163.5331270657,611312.3876765261,626396.4114200562,,8,67,1.116667,2.495652,3.644345,2.7554570688863373,11.25,56408,19.50078003120125,2.4849066497880004,10.940383999223585,13.323363380291335,1689.682,33.38379647768041,1542786.9845066904,563117249.3,83542,3.5375854207830675,14.249101717177696,7.432887276808456
8067,2024,3,3,-72.72727273,La Plata County,CO,8,67,634872.8242249311,639692.2495709963,646970.9709909982,4.642448356450979,8,67,1.452367,2.4340580000000003,3.307292,2.609366826754386,9.494444,56930,5.269629369401019,1.3862943611198906,10.949595287222088,13.368742479640268,1689.682,33.69273034807733,1548703.74,565276865.1,88759,3.5465301649492034,14.252929487931079,7.432887276808456
8067,2025,13,13,333.3333333333333,La Plata County,CO,8,67,652026.6985205165,652856.8277,654935.5574642543,2.0579549241285022,8,67,1.0121325,2.2,3.016667,2.26627266,8.035,56898,22.84790326549264,2.639057329615259,10.949033045267543,13.389113131079728,1689.682,33.673791873263724,1567780.3385466472,572239823.5695262,88759,3.545984124159563,14.265172017710597,7.432887276808456
8069,2024,22,22,-35.29411765,Larimer County,CO,8,69,550061.7805661531,552073.8670405152,553060.2006099747,1.2140292557048626,8,69,3.07134375,4.486561,6.9000495,5.845572278017242,24.617391,374200,5.879208979155532,3.1354942159291497,12.832548365186273,13.221437133408905,2595.746,144.15894313234037,7539715.54,2751996172,93518,4.977829302,15.835695145113004,7.862014401719712
8069,2025,47,47,113.63636363636364,Larimer County,CO,8,69,545640.9275556603,547002.7778,552075.0653942691,-0.91855266,8,69,2.758333,3.7766305,5.557292,4.870940864329269,26.165217,377292,12.457194957751554,3.8712010109078907,12.840777352904599,13.212209159636197,2595.745,145.35017885038786,7632588.129377551,2785894667.2228065,93518,4.986002235210178,15.847937681135507,7.862014017
8123,2023,7,7,,Weld County,CO,8,123,498828.0177863381,500024.2720463301,500711.1812,,8,123,3.630435,4.921739,7.795652,7.038200823529412,43.631818,360971,1.9392139534754869,2.0794415416798357,12.796555671980036,13.122411920318763,3984.958,90.58338883370917,9080014.768092489,3314205390.353758,90675,4.517249910625001,16.02158648715003,8.290532964
8123,2024,6,6,-14.28571429,Weld County,CO,8,123,500711.5504800648,501576.0413,503393.9814035004,0.3103387888182762,8,123,4.11739125,5.441304000000001,7.620652,6.825870112,38.495652,371280,1.6160310277957337,1.9459101490553132,12.824714467296477,13.125510502606657,3984.958,93.17036716572672,9114837.61,3326915728,100638,4.545105558481417,16.025414259958993,8.290532964
8123,2025,5,5,-16.66666667,Weld County,CO,8,123,495832.3782411024,498580.1658223735,503639.22842981503,-0.597292384,8,123,3.2,4.413636,5.856522,5.285180815,26.621739,378426,1.3212622811329031,1.791759469228055,12.84377846667989,13.11951966954184,3984.963,94.96349150544182,9227112.213213556,3367895957.8229485,100638,4.563967822318348,16.03765679626038,8.290534218240946
9001,2023,88,88,,Fairfield County,CT,9,1,547542.5594949853,562505.4641815046,582381.5364,,9,1,4.61951575,7.281159499999999,10.9945655,8.561981911111111,29.121739,962351,9.144272724,4.48863637,13.77713556708707,13.240156127113984,504.365,1908.044769,18411473.506777644,6720187830,107500,7.554358274996076,16.72848464271128,6.225280940478496
9001,2024,34,34,-61.36363636,Fairfield County,CT,9,1,611782.6044418195,619275.6401888905,622999.9786105258,10.092377696275644,9,1,5.2044835,7.610688,11.001042,8.580835161202186,28.078261,974112,3.4903583982129365,3.5553480614894135,13.789282592322392,13.336305751724778,504.365,1931.363199,18887967.2,6894108028,126000,7.566498988,16.754035674137427,6.225280940478496
9001,2025,38,38,11.764705882352944,Fairfield County,CT,9,1,629225.8014456101,635013.3730627283,641164.3577802106,2.5413130845963083,9,1,4.013043,6.852174,10.495238,8.266242110497238,29.565217,978179,3.884769556492216,3.6635616461296463,13.793448981161754,13.361401337594376,504.365,1939.426804,19116560.40595524,6977544548.173661,137202,7.570663229922324,16.76606560662911,6.225280940478496
9003,2023,124,124,,Hartford County,CT,9,3,295052.5766717092,305097.2197155111,317419.38999155484,,9,3,4.985927,8.791304,14.0954545,10.284797475928473,33.408696,981775,12.630185123882764,4.8283137373023015,13.79711845541018,12.62838575796416,735,1335.748299,19913719.882289425,7268507757,111317,7.197995301338785,16.806919543676944,6.601230118728877
9003,2024,179,179,44.35483870967742,Hartford County,CT,9,3,333817.6756064917,340541.2024641161,344940.8104,11.617274907209874,9,3,5.086957,8.447935000000001,13.17391325,9.796271121776504,33.15,989194,18.09554040966686,5.192956851,13.804646760027056,12.738291403019426,735,1345.842177,20429092.1,7456618616.500001,112265,7.205518003250386,16.832470575206457,6.601230118728877
9003,2025,49,49,-72.62569832,Hartford County,CT,9,3,351391.6500626528,354529.04202942795,358950.6594213123,4.107532205823405,9,3,5.197826,8.130435,13.267391,9.684073395770392,34.813043,994115,4.929007207415641,3.912023005428146,13.80960917903098,12.77854554551814,735,1352.537415,20676336.89921237,7546862968.212516,112265,7.210476751819686,16.844500507745895,6.601230118728877
9009,2023,127,127,,New Haven County,CT,9,9,319731.6264853428,328876.99615612417,340190.1634107238,,9,9,6.0108695,9.926087,15.067391,11.374446374655646,36.913043,1029750,12.333090555960185,4.852030263919617,13.844827583407348,12.703439087974115,605,1702.066116,18585426.26444709,6783680586.523187,53771,7.440185503162168,16.73788835119618,6.406879986069314
9009,2024,70,70,-44.88188976,New Haven County,CT,9,9,356205.3878666803,362300.4816091317,366998.6348637468,10.162913746980571,9,9,6.64565225,10.545652,14.83478275,11.268129461538464,34.273913,1039018,6.737130636812837,4.2626798770413155,13.853787556728408,12.800229206192613,605,1717.385124,19066421.9,6959243993.499999,56851,7.449140247386944,16.763439382635152,6.406879986069314
9009,2025,118,118,68.57142857142857,New Haven County,CT,9,9,373373.19229480886,376251.7547082647,379724.7433788679,3.850746495607593,9,9,5.7880435,9.9,14.522825999999998,11.038698877906976,33.643478,1042090,11.323398170983312,4.779123493,13.85673982953597,12.83801376,605,1722.46281,19297174.868917488,7043468827.154883,69905,7.452090808,16.77546931513276,6.406879986069314
10003,2023,27,27,,New Castle County,DE,10,3,319600.32399686327,324957.6929576732,330812.06238863594,,10,3,5.2822915,7.122917,11.4541665,9.021212324074074,26.470833,581067,4.646624227498722,3.332204510175204,13.272623068572369,12.691450277323455,426.337,1362.928856749473,13836858.33007866,5050453290.478711,86798,7.218124679234838,16.442846555384527,6.057572929118908
10003,2024,28,28,3.703703703703698,New Castle County,DE,10,3,339946.37193738885,342140.36667471577,342840.57514318096,5.287664852815355,10,3,5.304167,7.2625,10.658333,8.772248482517481,36.004545,586014,4.778042845392772,3.367295829986474,13.28110066550117,12.74297636071529,426.338,1374.5291294700448,13999213.06,5109712766.900001,89750,7.226593757508654,16.454511747432274,6.057575269189695
10003,2025,14,14,-50,New Castle County,DE,10,3,349700.4854249744,354589.2145000185,357721.75954925024,3.638520630083475,10,3,5.209375,7.1969295,11.50614075,8.884065418,23.820833,588026,2.3808471054001017,2.708050201,13.284528144193896,12.778715256198074,426.338,1379.2483897752486,13564676.11889477,4951106783.396591,89750,7.230018754545287,16.422979701277676,6.057575269189695
11001,2023,53,53,,District of Columbia,DC,11,1,610351.7944680764,611670.9071351477,613130.2216399736,,11,1,6.325,9.686364,14.754545,10.91697866442131,29.495833,682559,7.764896514,3.9889840465642745,13.433605714265124,13.323949683424685,61.126,11166.426725125151,7907359.349585948,2886186162.5988708,104643,9.320756491765316,15.88330457350469,4.129164580866721
11001,2024,33,33,-37.73584906,District of Columbia,DC,11,1,595169.2295681325,599535.3117249764,604210.5392902581,-1.984007294,11,1,5.0302085000000005,7.9039775,12.81467825,9.432504186,32.679167,691310,4.7735458766689325,3.5263605246161616,13.446345073856522,13.30391015367498,61.126,11309.59002715702,7820540.611,2854497323,109289,9.333494736375162,15.87226436980346,4.129164580866721
11001,2025,48,48,45.45454545454546,District of Columbia,DC,11,1,573473.5134028975,576895.7865,587449.1336965542,-3.776178786,11,1,4.563636,7.0875,11.525,8.728958544751382,31.11,693645,6.919966265164457,3.8918202981106265,13.449717022895257,13.265416916526162,61.127,11347.604168370768,7637496.945148216,2787686384.979099,109289,9.336850035,15.848580613414255,4.129180677057558
12011,2023,57,57,,Broward County,FL,12,11,418344.2558154168,425703.9943416737,434147.38807547407,,12,11,4.695833,9.054167,14.370833,9.915598484157162,34.091667,2000041,2.849941576197688,4.060443010546419,14.508678738303722,12.961499534768873,1202.909,1662.6702435512575,43771143.89258778,15976467520.79454,74367,7.4167814307999445,17.59448536584093,7.093329042
12011,2024,69,69,21.052631578947366,Broward County,FL,12,11,445200.42592027393,446628.1172287687,447792.1572369008,4.915181244529521,12,11,3.5468752500000003,8.78125,14.379167,9.423506639,29.858333,2013689,3.426546999,4.248495242049359,14.51547941787115,13.009481574822807,1202.9,1674.0285975559063,44061191.27,16082334815.009998,81337,7.423585517281127,17.60108995920839,7.093321565940981
12011,2025,58,58,-15.94202899,Broward County,FL,12,11,424387.8015886913,431447.3126691292,440220.40797785815,-3.398980936,12,11,2.95,6.320833,13.666667,8.259442983561643,27.895,2013317,2.880818072861849,4.077537444,14.515294665319848,12.974900679313809,1202.982,1673.605257601527,44385911.06,16200857536.892006,81337,7.423332749381745,17.608432681107004,7.093389675590899
12031,2023,30,30,,Duval County,FL,12,31,304060.8685504692,304714.54494648403,305002.8594180373,,12,31,4.825,7.200329,11.10104175,8.369927418994413,26.755556,1041746,2.8797806759037234,3.4339872044851463,13.856409669510935,12.62713069913639,762.617,1366.0146574230578,28516887.232245103,10408663839.769464,69455,7.220384558994964,17.16600703929133,6.6380663545686796
12031,2024,37,37,23.33333333333334,Duval County,FL,12,31,304777.83200895484,306034.4082600991,307361.9418784811,0.4331474606329877,12,31,4.569792,7.042434,10.92812525,8.253426153521126,25.6125,1054732,3.508000136527573,3.6375861597263857,13.868798212293292,12.63145281990746,762.623,1383.0319830374904,28705853.02,10477636350,73638,7.232756245041737,17.17261163257834,6.638074211879908
12031,2025,38,38,2.7027027027026973,Duval County,FL,12,31,291696.47137569473,295218.0077003272,299977.19048142445,-3.534374001,12,31,4.741667,7.3875,11.35,8.53237819,24.989474,1062963,3.5749127674246424,3.6635616461296463,13.87657179,12.595469371542801,762.687,1393.7080348819372,28917407.859020986,10554853868.542658,73638,7.240440378358979,17.179954354388137,6.638158019358465
12057,2023,49,49,,Hillsborough County,FL,12,57,384866.85292222304,387733.3140105974,390862.5576278845,,12,57,3.865625,7.5625,10.9708335,7.898856491,23.95,1556456,3.148177654877491,3.912023005428146,14.257922642398029,12.868073047258164,1022.502,1522.2033795532918,37812051.64299245,13801398849.692244,76528,7.328570882753975,17.448138462756223,6.9309853591785755
12057,2024,45,45,-8.163265306,Hillsborough County,FL,12,57,393505.7338309668,395013.2021628421,396366.0883864518,1.8775503391606163,12,57,3.929167,7.564583499999999,11.05104175,7.983398641,23.404167,1571198,2.8640565988500493,3.828641396489095,14.267349580125924,12.886674466521784,1022.537,1536.5683588955706,38062611.39,13892853156,84691,7.337957459762599,17.454743056099982,6.931019554912026
12057,2025,50,50,11.111111111111116,Hillsborough County,FL,12,57,373958.7137721184,379175.2202471921,385233.9637657283,-4.009481665,12,57,3.5361845,6.099909500000001,9.16562525,6.836980707,17.9125,1574115,3.176388002147238,3.9318256327243257,14.26920440282972,12.845753699778378,1022.539,1539.4180564262097,38343123.16213809,13995239954.180405,84691,7.339809123779486,17.462085777972426,6.931021508918619
12086,2023,108,108,,Miami-Dade County,FL,12,86,481702.2020524256,492228.4192680546,503806.0279,,12,86,3.591667,9.770833,15.16875,10.05436426,38.091667,2793511,3.866102549802024,4.6913478822291435,14.842810143558529,13.106698154540947,1899.925,1470.326986591576,50443937.66235937,18412037246.76117,72030,7.293919985,17.736373152102033,7.550095888790626
12086,2024,113,113,4.629629629629628,Miami-Dade County,FL,12,86,524514.6337186531,531910.4360903215,534811.5352909644,8.061707790312923,12,86,2.891667,9.620833,14.958333,9.894821583746284,32.541667,2812144,4.018286403541213,4.736198448394496,14.849458095305895,13.184230400937107,1899.954,1480.1116237551014,50778201.99,18534043727,75779,7.300548181957699,17.742977745489387,7.5501111444050215
12086,2025,145,145,28.31858407079646,Miami-Dade County,FL,12,86,515830.0356253685,521517.2509327337,529666.4558922788,-1.953935184,12,86,3.526389,9.029412,14.6083335,9.494589547270309,27.633333,2802029,5.174821531,4.983606621708336,14.84585471245989,13.164497632325006,1899.988,1474.7614195458077,51152424.43951106,18670634920.42153,75779,7.296929352221172,17.750320467409963,7.550129030001383
12095,2023,106,106,,Orange County,FL,12,95,399472.8805180953,403138.4182466804,408684.7343987066,,12,95,1.2979165,2.741667,4.1895835,3.214752549019608,23.291667,1501696,7.058685646096147,4.672828834461906,14.222106359930477,12.907035251551383,902.992,1663.0224852490387,42408130.55,15478967651.474306,78487,7.416993134059712,17.562850683700816,6.806820510795497
12095,2024,124,124,16.981132075471695,Orange County,FL,12,95,417222.3946204353,418376.1612736446,418939.9222,3.779779434873976,12,95,2.345833,4.237500000000001,8.15451425,6.076938549212598,30.7375,1520988,8.152595549734778,4.8283137373023015,14.234871339131123,12.94413621418625,903.032,1684.3124053189697,42689145.99,15581538286.714998,81645,7.429706229351441,17.56945527706344,6.806864757995762
12095,2025,56,56,-54.83870968,Orange County,FL,12,95,400657.1136409032,405793.40750367614,412590.1434421296,-3.007521684,12,95,4.39687525,8.0041665,12.61250025,8.768551158536585,27.679167,1528002,3.664916669,4.043051268,14.23947221205746,12.913599460563416,903.053,1692.0402235527704,43003754.151809424,15696370265.41044,81645,7.434281140594416,17.576797998956717,6.806887986992188
12103,2023,26,26,,Pinellas County,FL,12,103,389536.5704067986,395153.9306485736,399734.6156472035,,12,103,2.983333,4.7958335000000005,7.495000249999999,5.383855982142857,19.1,965743,2.6922276423437705,3.295836866004329,13.78065406772124,12.887030665815265,273.782,3527.415973,19707500.05202557,7193237518.989333,70684,8.168604316355433,16.79650988529819,5.615978056019427
12103,2024,63,63,142.3076923076923,Pinellas County,FL,12,103,399620.13034558814,403230.1644569202,405568.8487,2.043819681887249,12,103,2.707386,5.441667,8.1729165,5.752406543539326,18.329167,960397,6.559787254645735,4.1588830833596715,13.775103060861428,12.90726280558214,273.789,3507.799802037336,19838090.85,7240903161.709999,73605,8.163029321244714,16.803114478482016,5.616003530434926
12103,2025,44,44,-30.15873016,Pinellas County,FL,12,103,364665.5243186776,374166.0783881239,383318.8851152295,-7.207815444,12,103,2.4020835,4.508333,7.0729165,5.051442307550644,15.854545,948563,4.638595433302796,3.8066624897703196,13.762704541041337,12.832455037692561,273.793,3464.5261200980303,19984292.54374247,7294266778.4660015,73605,8.150619738509848,16.81045720017789,5.616018086952425
13089,2023,31,31,,Dekalb County,GA,13,89,345641.10835575825,347515.3222185633,349992.7135,,13,89,7.6802085,11.2520835,15.94375025,12.106059435616435,28.710526,768424,4.034231101579336,3.4657359027997265,13.552098244485231,12.758564035730219,267.683,2870.6492380913246,23449090.425510984,8558918005.311509,77722,7.962641791125645,16.97034230692518,5.593532246
13089,2024,72,72,132.25806451612905,Dekalb County,GA,13,89,352553.9538092161,353676.75201526674,354883.1199096367,1.772995146622125,13,89,6.629167,10.658333,15.479167,11.244409389736475,27.279167,772584,9.319374980584636,4.290459441148391,13.557497314063381,12.776138645058463,267.666,2886.373315998296,23584661.36,8608401396,81452,7.968102480620247,16.97610715867689,5.593468972445862
13089,2025,64,64,-11.11111111,Dekalb County,GA,13,89,335320.6034623605,338574.6015381457,343785.3004115136,-4.270043307,13,89,5.604167,9.616667,15.060417,10.840736981963929,29.9375,774394,8.264526843,4.174387269895637,13.55983735831209,12.73249973564374,267.665,2893.146283600769,23732120.18445079,8662223867,81452,7.9704454531153335,16.98234001272092,5.593465250345331
13121,2023,71,71,,Fulton County,GA,13,121,422075.9865475466,424410.24053362303,430014.3441955943,,13,121,11.491667,14.179167,17.504545,15.087527280112043,34.483333,1083022,6.5557301698395785,4.276666119016055,13.895266763061406,12.958455814869176,526.74,2056.0845958157724,37698927.88280303,13760108677.223106,94510,7.629045014629274,17.445142240417887,6.268603738183204
13121,2024,62,62,-12.67605634,Fulton County,GA,13,121,434172.0972689632,435147.1088711544,436797.1404064521,2.5298325327945737,13,121,12.7245535,15.2904765,19.269792,16.281950467032967,38.62381,1090468,5.685632223962555,4.143134726391533,13.902118436892842,12.983439434213409,526.83,2069.86694,37916884.26,13839662755.629995,100751,7.635722610176521,17.450907092262256,6.268774262165921
13121,2025,93,93,50,Fulton County,GA,13,121,418142.9649961267,421668.1704973808,426606.4813413844,-3.097558986,13,121,10.153125,13.1958335,17.9385415,14.483331349593495,34.508333,1098791,8.463847992930411,4.543294782270004,13.90972195250693,12.951973957866239,526.859,2085.5504034286214,38153952.71648914,13926192741.518538,100751,7.643267456667043,17.457139946405867,6.268829202588729
15003,2023,23,23,,Honolulu County,HI,15,3,839822.8919251213,842630.3160223933,844126.0152618052,,15,3,2.241667,2.775,3.679167,3.276917820728292,13.688889,989698,2.323941242682111,3.1780538303479458,13.805156135477079,13.644283607018668,600.786,1647.338653031196,12826595.599052256,4681707393.654074,102382,7.407523182702724,16.36703143,6.399901900382639
15003,2024,42,42,82.60869565,Honolulu County,HI,15,3,843954.7034,846137.8123166342,848510.2898279147,0.4162556494285541,15,3,1.82812525,2.268116,2.98630925,2.556705195054945,8.625,990142,4.24181582,3.7612001156935624,13.805604656124123,13.648437524041231,600.786,1648.0776848994485,12806618.42,4674415724,104305,7.407971431758887,16.36547273763966,6.399901900382639
15003,2025,31,31,-26.19047619,Honolulu County,HI,15,3,833617.7244060661,838131.3604355778,842960.3887,-0.946234971,15,3,1.5666665,2.0354165,2.90543475,2.454396911111111,9.934783,988703,3.135420849334937,3.4657359027997265,13.804150273593638,13.63893012187588,600.791,1645.6687933074895,12957689.111216074,4729556525.593867,104305,7.406509612995306,16.37720000084391,6.399910208949519
16001,2023,20,20,,Ada County,ID,16,1,488541.5588699202,492880.8153320949,496519.3689391435,,16,1,5.125,7.6375,11.304167,8.499964443835616,24.5875,526352,3.7997385779858335,3.044522437723423,13.173727369292752,13.10802266990737,1052.016,500.3269912,9162140.812622646,3344181396.607266,90513,6.217258565278549,16.03059053165685,6.959413706700399
16001,2024,11,11,-45,Ada County,ID,16,1,503330.5578025176,507440.58774206776,509997.56378178246,2.9540148362566576,16,1,4.608333249999999,7.18125,10.615624749999998,7.981521956284153,33.1,535225,2.055210425521977,2.4849066497880004,13.190444366586291,13.137134914556492,1052.218,508.6636039299841,9372153.209,3420835921.2849994,91898,6.233750908,16.053253532699806,6.959605518247092
16001,2025,7,7,-36.36363636,Ada County,ID,16,1,511601.0944691605,513340.51118596975,513985.3422038272,1.1626826049044636,16,1,4.7979165,6.879167,9.99375,7.702932122905028,20.105882,546141,1.2817202883504444,2.0794415416798357,13.210634294173927,13.148694668453755,1052.252,519.0211090119097,9628255.987127306,3514313435.3014665,91898,6.253869405005221,16.08021276917069,6.959637799741729
17031,2023,88,88,,Cook County,IL,17,31,282219.76142103324,286787.1276,292343.59014620166,,17,31,10.233333,14.495833,19.20994325,15.161835861235955,46.157143,5142853,1.7111124895072831,4.48863637,15.453118736253773,12.56649550385515,944.925,5442.604439505782,72624310.87558101,26507873469.58707,80547,8.602196701231753,18.10081029805643,6.852163284725027
17031,2024,96,96,9.090909090909085,Cook County,IL,17,31,299946.75654604647,303817.9040933828,305727.4746429688,5.938473140154676,17,31,9.55208325,13.78125,18.73437525,14.444304696409716,37.2,5188791,1.850141969,4.574710978503383,15.462011472751701,12.62418380122355,944.924,5491.225749372436,73274962.92,26745361466,82729,8.611088871172791,18.109729552169433,6.852162227558202
17031,2025,189,189,96.875,Cook County,IL,17,31,309406.4924096919,309844.04137495364,312776.1263624756,1.9834700984964424,17,31,8.414583499999999,12.829167,17.885417,13.665389047475507,38.4375,5194625,3.638376206174652,5.247024072160486,15.463135187623607,12.64382435752906,944.93,5497.364884171315,73778146.50610755,26929023474.729256,82729,8.612206033,18.116573141469896,6.852168570542386
17117,2023,2,2,,Macoupin County,IL,17,117,135097.3079157364,135852.81952685444,136358.94367208498,,17,117,1.425,1.98125,2.6947917500000003,2.131110456043956,6.93913,44057,4.539573734026375,1.0986122886681096,10.693262226679666,11.819327369345444,862.974,51.05252301923348,896030.8558,327051262.35962737,70256,3.952253266878198,13.705731244650734,6.761542675758672
17117,2024,1,1,-50,Macoupin County,IL,17,117,137170.28456578113,138064.12623124683,138740.29143994948,1.6277223484163938,17,117,1.2145834999999998,1.725,2.4625,1.947770622589532,12.479167,43917,2.2770225652936222,0.6931471805599453,10.690079537805937,11.83547353904283,862.974,50.890293334445765,904058.53,329981363.5,69440,3.9491317463689843,13.714650488976092,6.761542675758672
17117,2025,5,5,400,Macoupin County,IL,17,117,136321.38859065663,137077.90779726964,138409.85923063697,-0.714319107,17,117,1.7,2.4270835,3.25624975,2.504202503703704,5.733333,43748,11.429093901435492,1.791759469228055,10.686224034381675,11.828304713231784,862.995,50.69322533734263,910266.7544063798,332247365.35832864,69440,3.9453267349657346,13.721494070825631,6.761566981750273
17163,2023,1,1,,Saint Clair County,IL,17,163,159088.22914609258,162066.83659773477,163059.17934308635,,17,163,5.93854175,7.8125,10.207292,8.478698569832403,21.24,252232,0.3964604015350947,0.6931471805599453,12.438108542485944,11.99576410072122,657.735,383.48575034018256,6257556.269091131,2284008038.2182627,66007,5.951906728025356,15.649300454318281,6.490321329
17163,2024,6,6,500,Saint Clair County,IL,17,163,164180.7981295382,164593.33824186045,165355.3690208384,1.5589257476510632,17,163,8.116667,10.5875,13.5375,11.200506185595568,24.666667,251375,2.386872202884137,1.9459101490553132,12.434705105187378,12.011233093999396,657.748,382.1752403656111,6313618.65,2304470807,78110,5.948492431184602,15.658219707134531,6.490341063797833
17163,2025,12,12,100,Saint Clair County,IL,17,163,167914.3757300134,169135.76510029205,170822.40293043703,2.7597877939365745,17,163,5.933333,7.983333,10.45,8.856282571984435,26,250708,4.786444788359367,2.5649493574615367,12.432048182983467,12.038457015186012,657.748,381.1611741882909,6356974.649744292,2320295747.1566663,78110,5.945842442,15.66506329544783,6.490341063797833
18089,2023,7,7,,Lake County,IN,18,89,222251.9746,226509.01565157884,229279.28738498577,,18,89,3.62812475,6.593083,9.8766305,6.983851065934066,24.845,500134,1.399624900526659,2.0794415416798357,13.122633340960888,12.33054002731429,498.89,1002.4935356491412,12728483.563731704,4645896500.762072,69182,6.911242726411102,16.359352918964255,6.2143880742186415
18089,2024,13,13,85.71428571428572,Lake County,IN,18,89,235377.6563808524,237811.7200088518,238274.3352364137,4.989957827841618,18,89,3.670833,5.8125,9.229167,6.575151421917808,21.058333,502497,2.5870801218713746,2.639057329615259,13.127346938807944,12.379234547175109,498.89,1007.230050712582,12923434.47,4717053581,73228,6.9159516475052465,16.374552924022314,6.2143880742186415
18089,2025,3,3,-76.92307692,Lake County,IN,18,89,240492.3361169661,240723.1952145131,241639.06458193067,1.2242774265090572,18,89,3.929167,6.495833,10.2375,7.481286135531135,29.520833,504612,0.5945161827304939,1.3862943611198906,13.131547077837814,12.391402984788918,498.884,1011.4816269914448,13025728.812329153,4754391016.500141,73228,6.920159652634761,16.38243717569074,6.214376071506028
18097,2023,14,14,,Marion County,IN,18,97,214813.98818481708,216048.0983541789,216484.10004918388,,18,97,4.633333,8.131250000000001,12.82083325,9.116232379,32.5375,980327,1.4280949111877974,2.708050201,13.795642488526804,12.283256339442977,395.99,2475.635748377484,28813099.72680544,10516781400.283983,66653,7.814656365134338,17.176340728024154,5.983911091453068
18097,2024,8,8,-42.85714286,Marion County,IN,18,97,220483.41810889967,222174.3518948069,222532.51215283124,2.835597067179396,18,97,5.28279,8.1125,11.87187525,9.034226578512396,28.979167,990213,0.8079069856687399,2.1972245773362196,13.805676360367379,12.31121772150917,395.996,2500.563137001384,29254404.44,10677857622,67368,7.824671070266504,17.19154073374381,5.983926205069681
18097,2025,2,2,-75,Marion County,IN,18,97,225704.1634973705,225924.43529850288,226301.34480511604,1.6879011333727378,18,97,4.1921195,7.5875,11.8604165,8.520012766730401,28.8625,992196,0.2015730762873464,1.0986122886681096,13.80767695526056,12.327955865258359,395.996,2505.570763341044,29485965.190179337,10762377294.41546,67368,7.826670868238435,17.19942498575146,5.983926205069681
18141,2023,10,10,,Saint Joseph County,IN,18,141,185971.4866,191175.6570172156,195061.16096326927,,18,141,2.021739,3.391667,5.204545,4.015747608219178,17.879167,273119,3.6614076647908056,2.3978952727983707,12.517666538028267,12.160947954638392,457.781,596.6149752829409,5839185.045331392,2131302541.5459576,65977,6.392946692545701,15.580101969291281,6.128572972017578
18141,2024,5,5,-50,Saint Joseph County,IN,18,141,199971.8836092509,203708.2412,204487.45430030423,6.5555334670149845,18,141,1.9177085,3.3809785000000003,5.4447915,4.108918912568305,14.579167,272936,1.831931295248703,1.791759469228055,12.516996278305012,12.224444058932106,457.781,596.2152208151933,5928618.668,2163945814,64573,6.392277552304738,15.595301972951063,6.128572972017578
18141,2025,5,5,0,Saint Joseph County,IN,18,141,210042.4597,210462.7937248216,212729.4995465813,3.315797383293728,18,141,1.745833,2.904167,5.2125,3.773109914396888,14.120833,272861,1.8324348294552903,1.791759469228055,12.516721451856183,12.25706416458103,457.781,596.051387,5975546.145,2181074342.768481,64573,6.392003185065214,15.603186223902528,6.128572972017578
18163,2023,3,3,,Vanderburgh County,IN,18,163,168321.50045954145,172328.40681136883,174953.42397051968,,18,163,1.365217,2.458333,4.408333,3.137057509589041,14.872727,180246,1.6643919976032755,1.3862943611198906,12.102083411458066,12.057157277245762,233.401,772.2589020612594,4198375.560639679,1532407079.633483,60923,6.6506139240255955,15.250208475349362,5.457033323905361
18163,2024,2,2,-33.33333333,Vanderburgh County,IN,18,163,179145.20661775395,180832.39629289333,181563.2974215781,4.934757791170785,18,163,1.123958,2.356522,4.65624975,3.0775399558011047,14.458333,181140,1.1041183614883516,1.0986122886681096,12.107031012505509,12.105325893924764,233.402,776.0858947224103,4262678.359,1555877601,63717,6.655550890876109,15.265408477999493,5.457037590089665
18163,2025,3,3,50,Vanderburgh County,IN,18,163,187542.29784607643,188508.3912611456,189603.9573305265,4.244811839920248,18,163,1.72907625,2.6895835,4.25833325,3.4776608432835823,17.133333,181995,1.6483969339817026,1.3862943611198906,12.111739987795435,12.146897800853644,233.402,779.7491024,4296419.2263269005,1568193017.6093187,63717,6.660253846498742,15.273292728433264,5.457037590089665
19153,2023,6,6,,Polk County,IA,19,153,252799.0681703529,257675.1185306217,259958.22553511863,,19,153,4.13750025,5.4595455,7.19772725,6.011549812080537,16.777273,506787,1.183929343096804,1.9459101490553132,13.135848049169315,12.45945483990536,572.381,885.4015070381442,12313663.013872525,4494487000.063471,79509,6.787170016169986,16.3262201,6.351550417218373
19153,2024,23,23,283.33333333333337,Polk County,IA,19,153,265118.18435903883,267567.7474630319,268340.17340985057,3.839186720402932,19,153,3.3549245,4.475,6.58863625,5.241757571428571,14.745455,513511,4.478969292,3.1780538303479458,13.149028677113726,12.497128074796953,572.72,896.6178935605531,12367772.71,4514237041,82960,6.799744469463398,16.330604753587632,6.352141472426013
19163,2024,13,13,160,Scott County,IA,19,163,223561.87587758497,226275.46658825985,226453.5310886292,3.6807783490209633,19,163,3.009524,4.104762,5.952381,4.818408385041551,18.219048,174840,7.435369480668039,2.639057329615259,12.071632268475879,12.329508414733947,458.101,381.6625591299736,4444345.641,1622186159,78991,5.947153554172887,15.307143428792362,6.129270229427494
19163,2025,3,3,-76.92307692,Scott County,IA,19,163,230099.63389725468,230494.95433423307,231581.99106653617,1.8647570634120925,19,163,3.13928575,3.990476,5.56428575,4.534093229452054,14.614286,175259,1.711752320850855,1.3862943611198906,12.074025864609842,12.347984251089153,458.101,382.5772045902541,4462815.580132801,1628927686.7484725,78991,5.9495409162963515,15.311290644880422,6.129270229427494
20173,2023,4,4,,Sedgwick County,KS,20,173,194070.54622115404,199584.75616877072,201658.56544647925,,20,173,3.3625,5.095652,7.470833,5.952294843478261,22.42381,529452,0.7554981376970905,1.6094379124341003,13.179599677099985,12.203994268043072,997.001,531.0446027636883,10834080.557507047,3954439403.490072,67435,6.276727325608656,16.198207423093656,6.905754278
20173,2024,14,14,250,Sedgwick County,KS,20,173,205904.15582796428,210880.4808663777,213743.3783038364,5.659612945617565,20,173,2.66875,4.183333,6.2479165000000005,5.000148273127754,17.846154,534386,2.6198291122896187,2.708050201,13.188875574561377,12.259046810578097,997.001,535.9934443395744,10975664.62,4006117586,71044,6.285985886500594,16.21119116,6.905754278
20173,2025,8,8,-42.85714286,Sedgwick County,KS,20,173,212050.8575656217,212886.9217662362,214043.18874377804,0.9514588034014616,20,173,3.141667,4.8520835,7.13854175,5.932790875,19.4,538433,1.4857930327450213,2.1972245773362196,13.196420205393068,12.268516419996311,997.001,540.0526178007846,10981460.303685166,4008233010.8450856,71044,6.293516534,16.211719072957585,6.905754278
20191,2023,1,1,,Sumner County,KS,20,191,126695.46452895566,129226.4094339836,132371.76550562118,,20,191,2.204167,2.979167,4.0375,3.262449810958904,10.245833,22404,4.463488662738796,0.6931471805599453,10.017039427220244,11.76932125682607,1181.668,18.95964010195757,1192575.0789838054,435289903.8,63049,2.9937122397567086,13.991626297599618,7.075528182
20191,2025,1,1,0,Sumner County,KS,20,191,137239.10555927828,137687.64960270358,138774.60815135902,-0.515684533,20,191,1.50937475,2.25625,6.7270835,3.8351256666666655,9.4,22312,4.481893151667265,0.6931471805599453,10.012924747234504,11.832742990082128,1181.668,18.88178405440445,1208798.0903880538,441211302.9916396,73082,2.989803938369156,14.005137937448701,7.075528182
20209,2024,4,4,,Wyandotte County,KS,20,209,191920.1576127798,194425.91868567595,194766.1745,7.550061623229487,20,209,5.358333,7.583333,10.904167,8.645298515358363,23.658333,169870,2.3547418614234417,1.6094379124341003,12.042794604450682,12.177806488693685,151.638,1120.233715,5027693.966,1835108298,64054,7.022184889298747,15.430472179767625,5.028069104888768
20209,2025,5,5,25,Wyandotte County,KS,20,209,197548.4492,197811.6708298197,198417.35462524145,1.7414098732470906,20,209,5.05,7.685714,11.679167,9.312201975,29.055,170597,2.930883895965345,1.791759469228055,12.047065190641572,12.195070699614254,151.638,1125.028027275485,5030348.833186461,1836077324.113058,64054,7.026451699398283,15.431000088998724,5.028069104888768
21037,2024,4,4,,Campbell County,KY,21,37,271684.5048434949,274242.25993110595,275389.6318507461,1.9933052623329228,21,37,2.927174,4.080435,5.5369565,4.4383386485714285,12.791304,94054,4.252876007400004,1.6094379124341003,11.45163499652712,12.521767155063205,151.32,621.5569653713984,1962510.266,716316247.1,76744,6.433835134788804,14.489735469259166,5.025983571043055
21037,2025,2,2,-50,Campbell County,KY,21,37,279212.1117633155,281299.5403160115,283179.80863066745,2.5733744998595265,21,37,2.96956525,4.434239,6.08913075,4.936640681818182,14.742857,95441,2.095535462,1.0986122886681096,11.466274012126416,12.547175360335167,151.32,630.7229711868887,1964072.3596052008,716886411.2558982,76744,6.448450961319623,14.490531119340115,5.025983571043055
21059,2023,1,1,,Daviess County,KY,21,59,188221.72126138376,192068.7935264199,193282.8220955465,,21,59,3.267288,4.285714,5.915217,5.035555981735159,15.165217,103787,0.963511808,0.6931471805599453,11.550105636094512,12.16560888645271,458.397,226.41291282447312,1915449.9623310475,699139236.2508323,63213,5.426767364,14.46546364,6.129914759976819
21059,2024,2,2,100,Daviess County,KY,21,59,198579.2801956857,200600.4536099737,201414.3828567008,4.441981399950934,21,59,3.89130425,5.2747285,6.16413075,5.430303875,9.569565,104275,1.9180052745145049,1.0986122886681096,11.554796509045534,12.209070415773486,458.398,227.4769959729318,1914714.085,698870641,68015,5.431435531187211,14.46507938884909,6.129916937
21059,2025,3,3,50,Daviess County,KY,21,59,207028.87065444893,207918.31269196083,208854.74113342605,3.6479773351934863,21,59,3.426087,4.634783,6.173913,5.110709791907515,15.052174,104898,2.859921066178573,1.3862943611198906,11.560753261450484,12.24490055410334,458.398,228.83607694623447,1916238.1344176168,699426919.0624304,68015,5.437366345896032,14.465875038919922,6.129916937
21067,2023,7,7,,Fayette County,KY,21,67,280260.6768807176,287524.38047905854,292624.8752820169,,21,67,3.956522,5.252174,7.417391,6.277618090410958,25.108696,323414,2.164408467165924,2.0794415416798357,12.686691607238762,12.569062937290374,283.855,1139.363407373483,7429491.140993183,2711764266.4625115,67320,7.039102268987295,15.820968061866981,5.6519802788704725
21067,2024,7,7,0,Fayette County,KY,21,67,299904.28664624045,304377.5857047132,306253.91725691786,5.861487362419382,21,67,4.156522,5.421739,7.834348,6.528549005899705,24.213043,327071,2.140208089,2.0794415416798357,12.697935609128804,12.62602426791133,283.854,1152.2508049912983,7426636.88,2710722461,71046,7.050340020457455,15.820583808225653,5.651976768306307
21067,2025,3,3,-57.14285714,Fayette County,KY,21,67,314272.12490749056,314508.10927839973,316452.9210959173,3.328275159,21,67,4.004348,5.630435,8.147826,6.561079856353591,21.913043,329751,0.9097773774757316,1.3862943611198906,12.706096135762078,12.658765139459211,283.854,1161.692278424824,7432548.238620324,2712880107.0964184,71046,7.0584935245798555,15.821379458604774,5.651976768306307
21111,2023,19,19,,Jefferson County,KY,21,111,233531.7785520322,237827.9457981776,239825.24191188105,,21,111,6.048913,9.2488145,14.53260825,10.751907887671234,33.838095,784607,2.421594505274615,2.995732273553991,13.572939508983966,12.379302774408869,380.83,2060.255231993278,17843314.46835884,6512809780.950977,64977,7.631070412132941,16.69713951248811,5.944975483375027
21111,2024,7,7,-63.15789474,Jefferson County,KY,21,111,243480.89717221897,246074.0339475424,248201.0178476309,3.4672494528302567,21,111,5.586957,9.145833,13.930435,10.263394455418382,34.68,794166,0.8814278123213535,2.0794415416798357,13.585049045569473,12.41338772,380.83,2085.355670509151,17836459.43,6510307690,70659,7.643174124626416,16.69675525881659,5.944975483375027
21111,2025,14,14,100,Jefferson County,KY,21,111,256052.2988244648,257641.0569,257890.9099533417,4.700627209795516,21,111,5.51086975,9.0548655,14.50176,10.72187967403315,36.104167,795222,1.760514673889807,2.708050201,13.586377857447472,12.459322642888091,380.84,2088.0737317508665,17850656.660884056,6515489681,70659,7.644476056171074,16.697550909258215,5.945001672697641
21145,2023,1,1,,McCracken County,KY,21,145,169679.43607869407,172998.69297023007,173707.83579520648,,21,145,3.245455,4.534783,6.917391,5.2666373682719545,14.465217,67549,1.480406816,0.6931471805599453,11.120623343388345,12.061039318366001,248.786,271.51447428713834,1860743.2881276773,679171300.1666024,60801,5.607691729342708,14.436487120556114,5.520604551285038
21145,2024,3,3,200,McCracken County,KY,21,145,175336.3959938526,176542.55015610642,176772.80169092864,2.048487838278734,21,145,2.91086975,4.219674,6.575761,4.990427765027323,17.091304,67732,4.429221047658419,1.3862943611198906,11.123328784746402,12.081317203672716,248.786,272.2500462,1860028.428,678910376.2,64076,5.610387296132571,14.436102867069602,5.520604551285038
22005,2023,2,2,,Ascension Parish,LA,22,5,272146.47962301935,283862.7734092904,288679.0938703538,,22,5,4.054545,5.3125,7.025,5.804286240997231,16.229167,132202,1.512836417,1.0986122886681096,11.792093899031805,12.556246208147556,289.97,455.9161292547504,4243043.209465389,1548710771.4548671,89558,6.124499849,15.260791543518677,5.673220169073561
22005,2024,2,2,0,Ascension Parish,LA,22,5,292796.57279079064,293630.5138527334,295874.8263109377,3.4410078948109657,22,5,3.995833,5.304348,7.027273,5.876710988919667,18.391667,134027,1.4922366388861945,1.0986122886681096,11.805804012328826,12.59007750033827,290.003,462.1572880280549,4258470.8314000005,1554341853.4610002,93654,6.138066711359572,15.264420928864867,5.673333576396702
22019,2023,4,4,,Calcasieu Parish,LA,22,19,200459.9103070099,204575.5114808649,206702.5187643036,,22,19,3.056522,4.675,6.508333,5.125340959885387,18.729412,204628,1.954766698594523,1.6094379124341003,12.22895386243595,12.228692435604433,1064.081,192.30490911876072,8130014.836823365,2967455415.440528,63912,5.264268782264078,15.91107342947085,6.970806131589417
22019,2024,3,3,-25,Calcasieu Parish,LA,22,19,189746.76655211288,193484.6662711968,194405.39730414387,-5.421394345,22,19,2.72187475,4.16875,5.95208325,4.775749155737705,15.58125,207027,1.4490863510556595,1.3862943611198906,12.24060932880041,12.172953544235494,1064.085,194.55870536658256,8159575.411400001,2978245025.1610003,66871,5.275860617554468,15.914702815225253,6.970809887165274
22019,2025,1,1,-66.66666667,Calcasieu Parish,LA,22,19,190698.2180354829,193437.8939830032,194379.2420790576,-0.024173641,22,19,3.349811,4.995833,7.4520835,5.793250868525897,18.266667,208466,0.479694531,0.6931471805599453,12.247536034313145,12.172711778604713,1064.189,195.8918951426861,8175245.217186741,2983964504.2731605,66871,5.282654822495635,15.916621392604348,6.970907527187245
22033,2023,15,15,,East Baton Rouge Parish,LA,22,33,224935.3016965309,226738.8004323476,227367.4964869959,,22,33,1.64895825,2.7428445,5.536096000000001,4.13041266,26.9,451709,3.320721969232404,2.772588722239781,13.020795659985199,12.331553975058995,455.502,991.6729235,12383790.943385305,4520083694.335636,60205,6.900401227611723,16.331899074233284,6.123593081186433
22033,2024,13,13,-13.33333333,East Baton Rouge Parish,LA,22,33,228669.90427538857,229341.3526,230068.26593132547,1.1478194997935232,22,33,1.286648,2.153261,5.99985125,4.045038186217009,20.6375,454172,2.862351708163428,2.639057329615259,13.026233461708324,12.342966795368572,455.502,997.0801445,12428818.164500002,4536518630.0425005,64198,6.905833578241308,16.33552846014075,6.123593081186433
22033,2025,5,5,-61.53846154,East Baton Rouge Parish,LA,22,33,226457.83605200023,229157.99599949425,230271.7344170241,-0.079949209,22,33,1.231818,2.473913,6.933333,4.345517892514396,26.8,456180,1.0960585733701609,1.791759469228055,13.030644939565281,12.342166983500398,455.493,1001.5082558897722,12452686.706302352,4545230647.800359,64198,6.910260394448333,16.337447037600537,6.123573365853928
22047,2024,1,1,,Iberville Parish,LA,22,47,159182.72725661309,162742.53189325234,166778.19757268036,-3.750608311,22,47,1.843561,2.55,3.566667,3.0484928450704225,16.7,29691,3.36802398,0.6931471805599453,10.298632928237437,11.999924672033352,617.275,48.10011745170305,1927415.173,703506537.9990001,58450,3.8938614268893255,14.471690893253403,6.426933342300522
22051,2023,4,4,,Jefferson Parish,LA,22,51,262959.8898246236,273351.3534609139,284026.5757027945,,22,51,3.008333,4.558333,6.541667,5.330379147826087,24.531818,429256,0.9318448664666308,1.6094379124341003,12.96981108613986,12.518513255695243,300.864,1426.744309721336,8587180.556,3134320902.805479,61168,7.263851072,15.965781132511516,5.709976584819528
22051,2024,4,4,0,Jefferson Parish,LA,22,51,249640.3651570321,252382.1319526544,254203.54934111537,-7.671160667,22,51,3.408333,5.158333,7.733333,6.046552438356165,23.258333,432404,0.9250608227490956,1.6094379124341003,12.977117928047587,12.438699614562674,300.864,1437.2075090406297,8618403.376,3145717232.1670003,63692,7.271152831792734,15.969410518289644,5.709976584819528
22051,2025,4,4,0,Jefferson Parish,LA,22,51,247618.63726140035,249329.79396417423,255437.8499495802,-1.209411286,22,51,3.304167,4.658333,6.890909,5.322631630036629,16.516667,431398,0.927218021,1.6094379124341003,12.97478869,12.426531772856897,300.864,1433.8638055732824,8634954.323647348,3151758328.1312823,63692,7.268825214681411,15.971329095681245,5.709976584819528
22063,2023,2,2,,Livingston Parish,LA,22,63,235892.5783104993,237490.20800153248,237780.51598051187,,22,63,1.647826,2.066667,2.908333,2.3842121671232874,7.229167,150872,1.3256270215812078,1.0986122886681096,11.924193702305343,12.377881672139644,648.131,232.7801016,5287585.170470992,1929968587.221912,73745,5.454380936577443,15.480872399219667,6.475634545333781
22063,2024,4,4,100,Livingston Parish,LA,22,63,239717.04271788668,240386.0853,240498.7391560522,1.2193670106402044,22,63,1.529167,1.954167,2.6104165,2.169447388732394,6.647826,153145,2.611903751346763,1.6094379124341003,11.939146993735049,12.390001598520406,648.131,236.28710862464533,5306810.726500001,1936985915.1725004,76462,5.469270836743316,15.484501784734524,6.475634545333781
22063,2025,3,3,-25,Livingston Parish,LA,22,63,241947.90069903844,242676.0699142796,243126.7967,0.9526277947746964,22,63,1.071591,1.408333,2.0958335000000003,1.682967191881919,5.522727,155036,1.9350344436130964,1.3862943611198906,11.951419077092181,12.399482787406722,648.14,239.2014071034036,5317002.028036973,1940705740.2334952,76462,5.481477767677865,15.486420361987342,6.475648409927537
22071,2023,17,17,,Orleans Parish,LA,22,71,268133.6303981364,272444.9255724184,273468.1231656979,,22,71,5.65122275,7.6554825,10.51505675,8.346993185294117,24.331818,365782,4.647576972076264,2.8903717578961645,12.80979554,12.515191764667739,169.5,2158.0058997050146,9348757.313668173,3412296419.488883,53729,7.6774031631210855,16.05075409176888,5.1387352967235715
22071,2024,2,2,-88.23529412,Orleans Parish,LA,22,71,250174.8781926012,253928.50690252392,255779.9188561088,-6.79638963,22,71,5.64895825,8.5291665,11.33854175,8.914166551912569,27.120833,363477,0.5502411431809991,1.0986122886681096,12.803474051428127,12.444808037493171,169.5,2144.407079646018,9382749.212,3424703462.3800006,57897,7.671084594076789,16.05438347758137,5.1387352967235715
22071,2025,2,2,0,Orleans Parish,LA,22,71,243860.9314984576,244761.34329029225,246536.57690742688,-3.610135673,22,71,6.022727,8.445833,11.452174,8.853941545787546,22.035,362154,0.5522512522297145,1.0986122886681096,12.799827575961963,12.408038905755125,169.578,2135.619007182536,9400768.024,3431280328.8745112,57897,7.666979955467039,16.056302054991093,5.139192670118278
22121,2024,1,1,,West Baton Rouge Parish,LA,22,121,235538.61505243045,236080.36809994525,236449.0090183688,1.0583507161781025,22,121,4.885054500000001,6.526087,9.0958335,7.179065418732782,21.1625,28543,3.5034859685386963,0.6931471805599453,10.259202035379737,12.371927568832588,192.346,148.39403990725046,2118330.362,773190581.9,70550,5.006587378377183,14.566139243095291,5.264481329967574
23003,2023,5,5,,Aroostook County,ME,23,3,146998.23855278813,149291.70468127995,150343.41634057992,,23,3,0.54375,0.941667,1.8229165,1.4473128730650155,12.029167,67330,7.426110203475419,1.791759469228055,11.11737603364944,11.913657420572303,6671.136,10.092733831239537,1483538.355394832,541491499.7191137,56361,2.4062902841695055,14.209941247107228,8.805695327523884
23003,2024,6,6,20,Aroostook County,ME,23,3,155229.8376183675,155605.17507561017,156378.27742842655,4.228949229167633,23,3,0.333333,0.875,1.66979175,1.30284488,12.45,66925,8.965259618976466,1.9459101490553132,11.111342810376286,11.955077149014048,6671.172,10.03197039440746,1504710.56,549219354.4,54965,2.4007974568767634,14.224111783311995,8.805700723082799
23005,2023,23,23,,Cumberland County,ME,23,5,487870.2654963616,502947.5507488203,515519.3147400044,,23,5,3.19999975,4.80625,7.334687499999999,5.944012336206897,20.441667,311645,7.380192205875275,3.1780538303479458,12.649623207243671,13.128241170779916,836.193,372.6950596333622,7788163.528,2842679687.578358,96255,5.923440116263196,15.868115771035871,6.7300546293328765
23005,2024,19,19,-17.39130435,Cumberland County,ME,23,5,527873.6648103549,532406.8876811732,534374.8052,5.857337785717798,23,5,3.219792,4.825,7.07812475,5.875109469945356,24.45,314665,6.038167575040123,2.995732273553991,12.659267037813215,13.185163302461435,836.198,376.3044159397655,7899311.71,2883248774,93949,5.933052331,15.882286314918463,6.730060601653559
23005,2025,47,47,147.3684210526316,Cumberland County,ME,23,5,533272.2795695125,533945.9787794673,534398.2711,0.2890817406584256,23,5,2.95,3.966667,6.2617425,5.011455222748816,20.120833,317222,14.816122463133077,3.8712010109078907,12.667360275571902,13.188049949490646,836.231,379.34733345212027,7876312.125878772,2874853925.945752,93949,5.941084870644764,15.879370474918714,6.730100018
24005,2023,42,42,,Baltimore County,MD,24,5,331120.1232,336169.69737589493,337740.37439490616,,24,5,6.991304,10.675,15.720833,11.571643414266116,31.4125,846378,4.962321799479665,3.7612001156935624,13.648722528814291,12.725371363163623,598.358,1414.5010177853394,21898350.671021994,7992897994.923028,86807,7.255238823580547,16.90192192579071,6.395859082357471
24005,2024,18,18,-57.14285714,Baltimore County,MD,24,5,342546.36963828374,344722.227,345454.7027701733,2.5441108030938686,24,5,7.179167,10.645833,14.965217,11.450281813443071,36.354167,848438,2.1215457110596176,2.9444389791664403,13.65115346949873,12.75049423258447,598.358,1417.9437727915397,21842590.81,7972545644,87865,7.257668051844695,16.899372374190076,6.395859082357471
24005,2025,42,42,133.33333333333334,Baltimore County,MD,24,5,351531.62406940555,352263.14837913483,353460.1440133141,2.1875355940912167,24,5,6.21068875,8.949185,12.913199,10.24336198901099,32.0125,847650,4.954875243319767,3.7612001156935624,13.650224273457605,12.772133755903573,598.359,1416.6244679197605,21903687.89,7994846080.932953,87865,7.256737839803274,16.90216562,6.395860750807989
24023,2023,1,1,,Garrett County,MD,24,23,313530.83815948054,320259.6557655883,322582.5582580408,,24,23,0.77187475,1.35,1.8387225,1.40869726,5.045833,28485,3.510619624,0.6931471805599453,10.257168017494532,12.676887370016676,649.077,43.885394182816526,1285199.1261519792,469097681.0454724,65991,3.8041124452312802,14.066425004381305,6.477090817
24023,2025,1,1,0,Garrett County,MD,24,23,325876.5890990973,326301.74017712765,327404.1531938704,0.074081802,24,23,2.4,3.0375,4.029167,3.4292793406593405,12.1625,28370,3.524850193866761,0.6931471805599453,10.253122775683622,12.695577815626118,649.077,43.70821951786922,1285512.3640338106,469212012.87234086,67553,3.8001573665468573,14.066668701615226,6.477090817
24027,2023,22,22,,Howard County,MD,24,27,582573.6809868965,592933.4230689716,597740.0184467303,,24,27,10.85828775,14.708333499999998,18.9902175,15.041491530726258,32.286957,336321,6.541369703348884,3.1354942159291497,12.725824313370454,13.292837400292425,250.95,1340.1912731619846,10818224.878289446,3948652080.575648,140113,7.201313507832151,16.196742851052196,5.529230655126607
24027,2024,24,24,9.090909090909085,Howard County,MD,24,27,612128.5742207589,618263.4440530414,619191.1193171147,4.2719840033580425,24,27,10.945833,15.495652,18.704348,15.241597594520549,36.965217,337795,7.104900901434301,3.2188758248682006,12.730197441959499,13.334669930481715,250.95,1346.064953177924,10790678.39,3938597611,149980,7.205683395869854,16.194193299570962,5.529230655126607
24027,2025,13,13,-45.83333333,Howard County,MD,24,27,624503.7733029865,625826.9258305578,627606.5198208191,1.2233428727297602,24,27,11.64655825,14.8003955,17.279166749999998,14.789382015151515,30.675,339183,3.8327392587482274,2.639057329615259,12.734298011976033,13.346829135546601,250.95,1351.595935445308,10820861.573084123,3949614474.175705,149980,7.209780940142467,16.19698654845319,5.529230655126607
24033,2023,40,40,,Prince Georges County,MD,24,33,405485.6582555168,411790.82360447926,413330.3442559507,,24,33,3.3854165,4.9979165000000005,8.22499975,6.190042731428571,25.841667,954813,4.189301988975852,3.713572066704308,13.769271836095912,12.928270789705588,482.643,1978.300731596646,23684435.440476675,8644818935.773987,97171,7.590498895450552,16.98032870011461,6.181347031247688
24033,2024,20,20,-50,Prince Georges County,MD,24,33,416777.2328027762,419835.32355551096,420657.4554674681,1.953540363191375,24,33,3.608333,5.004348,8.085417,6.386006090909091,26.2125,964596,2.0734068978100675,3.044522437723423,13.779465676514722,12.947617826600842,482.595,1998.769154259783,23624127.66,8622806596,97634,7.600787030010242,16.97777914850519,6.181247779563946
24033,2025,72,72,260,Prince Georges County,MD,24,33,424260.5681260162,424473.96966110345,424795.6137669605,1.104872754943198,24,33,2.9539475,4.204167,5.766667,5.090724114391144,22.058333,970374,7.419819574720674,4.290459441148391,13.78543787370798,12.95860596285599,482.601,2010.7169276483053,23690207.979718868,8646925912.597387,97634,7.606743829297874,16.98057239752784,6.181260186563148
24510,2023,12,12,,Baltimore City,MD,24,510,176421.24233081014,177406.9201272569,180023.33560836222,,24,510,3.8703805,6.2333335000000005,10.395154,7.980831214912281,34.054167,567952,2.112854607431614,2.5649493574615367,13.249793947800736,12.086201356705914,80.946,7016.430706891014,8350764.093107917,3048028894,58616,8.856152433857542,15.937863720546574,4.406060493748427
24510,2024,13,13,8.333333333333325,Baltimore City,MD,24,510,184101.81051162168,184613.71116531303,185504.49367962088,4.0622942063853085,24,510,4.36630425,6.4217395,10.51290775,8.000677819444444,33.083333,570053,2.280489708851633,2.639057329615259,13.253486372165588,12.126020873294333,80.946,7042.386282212833,8329500.506,3040267685,63451,8.859844339501928,15.935314169135061,4.406060493748427
24510,2025,23,23,76.92307692307692,Baltimore City,MD,24,510,185572.86873804263,186063.6922021904,186140.68352573045,0.7854135143726904,24,510,3.917391,5.678261,8.466667,7.116595751,28.321739,569997,4.035108956713807,3.1780538303479458,13.253388131032647,12.13384432527373,80.946,7041.694462975317,8352799.400791349,3048771781.288842,63451,8.859746112,15.93810741794091,4.406060493748427
25003,2024,23,23,359.99999999999994,Berkshire County,MA,25,3,353488.8314589428,357903.0791,361651.81613069895,5.268581763,25,3,2.208333,3.4791665,6.1175595000000005,4.627205341530055,19.571429,129049,17.82268750629606,3.1780538303479458,11.76795520514676,12.788017499958238,926.874,139.23035925055618,3018942.831,1101914133,76177,4.9432864936018985,14.9204176,6.8328959477057545
25003,2025,14,14,-39.13043478,Berkshire County,MA,25,3,367915.54872565134,369507.35351557855,371115.6733805054,3.2422952063828614,25,3,1.952381,2.75,4.285714,4.247631574380165,27.73913,128224,10.918392812577988,2.708050201,11.76154181225747,12.81992592043239,926.874,138.34027063009643,3019972.0995005174,1102289816.317689,76177,4.936918931828424,14.92075848186122,6.8328959477057545
25009,2023,36,36,,Essex County,MA,25,9,605909.5587658173,621510.9535310268,639222.6942618917,,25,9,2.231818,3.731818,5.808333,4.586922573,20.268182,817647,4.402878015,3.6109179126442243,13.614187205123178,13.339908814123577,492.513,1660.153133013748,15946760.62376723,5820567627.675039,96303,7.415267298629108,16.58476633358849,6.201549200978454
25009,2024,65,65,80.55555555555556,Essex County,MA,25,9,662634.0704468269,673133.5405991593,680087.2038533883,8.305981861598099,25,9,2.2885417500000003,3.695562,5.753977000000001,4.528467469945356,24.163636,826170,7.867630149,4.189654742026425,13.624557052868829,13.419699014796194,492.514,1677.454854075214,16158883.07,5897992318.724999,102044,7.425628919469281,16.597980553289126,6.201551227265476
25009,2025,39,39,-40,Essex County,MA,25,9,689289.0647311059,690177.3305920988,693533.5922571418,2.532007241500512,25,9,2.231818,3.409091,5.4289775,4.333197164609054,19.468182,826653,4.717819931700483,3.6888794541139363,13.625141506775018,13.444703844412492,492.514,1678.4355368578356,16164392.222307652,5900003161.142293,102044,7.426213025974455,16.59832143192665,6.201551227265476
25013,2023,28,28,,Hampden County,MA,25,13,291599.0483661493,298515.1219555572,304390.24387740484,,25,13,2.98958325,5.8482145,9.583333,7.085051779005525,31.428571,462133,6.058861843,3.367295829986474,13.043610171299497,12.606575870349241,617.005,748.9939303571284,9598628.085,3503499251.128671,67155,6.620065113640447,16.07713084262441,6.426496548039848
25013,2024,53,53,89.28571428571428,Hampden County,MA,25,13,312880.3217551032,318022.1980728728,322480.07349501457,6.534702828294181,25,13,2.708333,5.166667,8.403985500000001,6.436290865937072,28.214286,463418,11.43675903827646,3.9889840465642745,13.046386891434661,12.669876464586647,617.005,751.0765715026621,9726308.212,3550102497,71287,6.6228381425728795,16.09034506178062,6.426496548039848
25013,2025,62,62,16.981132075471695,Hampden County,MA,25,13,328208.7581739814,328343.0713420935,329789.2881496742,3.2453310906478627,25,13,2.666667,4.443452,7.42708325,5.988874649159664,27.625,464338,13.352342474662851,4.143134726391533,13.048370167895891,12.701814289956229,617.006,752.5664256101238,9729624.268350948,3551312857.948096,71287,6.624817170266132,16.090685940404196,6.426498166148425
25015,2023,7,7,,Hampshire County,MA,25,15,384613.1698454765,392697.68309362646,399649.3214358097,,25,15,0.47619,1.083333,1.7559525,1.5360517024793388,12.75,165217,4.236852139912964,2.0794415416798357,12.015021092971205,12.880795340608861,527.236,313.36441365915834,2512195.5208831234,916951365.1,80839,5.750552866041792,14.736668036345836,6.269543153542032
25015,2024,25,25,257.1428571428572,Hampshire County,MA,25,15,409560.1621744965,416328.13785922166,423160.1456786856,6.017467324848269,25,15,0.35,0.916667,1.583333,1.2275210332409972,14.458333,164679,15.181049192671802,3.258096538021482,12.01175947588384,12.939229021240575,527.236,312.3439977543263,2545612.53,929148573.5,82817,5.747301621402897,14.749882251644243,6.269543153542032
25015,2025,8,8,-68,Hampshire County,MA,25,15,427056.2941735199,427454.2765220632,428430.36126605066,2.6724445578078404,25,15,0.380952,1.041667,1.791667,1.4215516419753087,11.238095,164065,4.876116173467833,2.1972245773362196,12.008024064873862,12.965602606134858,527.236,311.17943387780804,2546480.4229992954,929465354.3947428,82817,5.743578131080638,14.750223130168974,6.269543153542032
25017,2023,183,183,,Middlesex County,MA,25,17,692335.2821495617,713459.7019,733627.3427,,25,17,6.041667,9.416667,13.70982125,10.180235760989012,26.190476,1644193,11.130080227807806,5.214935757608986,14.312760852502416,13.47788123483659,817.866,2010.345215475396,31733354.887312327,11582674534,123288,7.606559038628109,17.272878921827864,6.7079204563031976
25017,2024,292,292,59.56284153005464,Middlesex County,MA,25,17,762199.6148438901,773521.5324505495,776443.1997585746,8.418391458,25,17,6.333333,9.291667,13.416667,9.995190964383562,24.190476,1663929,17.54882570109662,5.680172609017068,14.324692832170745,13.55870878629435,817.878,2034.4464577846568,32155469.250600003,11736746276.469002,132599,7.618470463389092,17.28609314193802,6.707935110608145
25017,2025,201,201,-31.16438356,Middlesex County,MA,25,17,783061.5916577077,785067.7586326686,786010.1826260994,1.492683228292324,25,17,6.2142855,9.375,13.192935,10.057703720164607,27.375,1669979,12.036079495610425,5.308267697401205,14.32832220827332,13.573525309768986,817.905,2041.776245407474,32166432.232242383,11740747764.76847,132599,7.622065066258391,17.28643402058604,6.7079680820091205
25021,2023,124,124,,Norfolk County,MA,25,21,662067.4928538578,679921.9299678092,697087.2637780434,,25,21,2.041667,3.375,5.25,4.088800496551724,19.708333,730453,16.975767092475493,4.8283137373023015,13.501421537622058,13.429733261690378,396.103,1844.0986309116568,17460474.63845399,6373073243.0357065,123449,7.5202880135344765,16.67545034961144,5.984195692880767
25021,2024,80,80,-35.48387097,Norfolk County,MA,25,21,722199.7473984384,732989.9183845555,737066.5982657449,7.805012028,25,21,1.875,2.875,4.791667,3.854957218106996,21.583333,737601,10.845972280406343,4.394449154672439,13.511159662717592,13.504887226865002,396.103,1862.1444422284103,17692732.37,6457847316.363999,137533,7.530020899656472,16.688664569383445,5.984195692880767
25021,2025,63,63,-21.25,Norfolk County,MA,25,21,738833.8651179586,741786.3436,743670.1843,1.2000745184834294,25,21,1.791667,2.833333,4.708333,3.761059514099783,20.952381,739749,8.516402185065475,4.1588830833596715,13.514067570262457,13.516816534054199,396.103,1867.567274168588,17698764.47652792,6460049033.932692,137533,7.532927252649133,16.689005448022797,5.984195692880767
25025,2023,119,119,,Suffolk County,MA,25,25,687273.9322,695121.7073609377,701709.8997,,25,25,6.833333,9.791667,13.9261365,10.633859404807692,26.863636,784637,15.166248851379684,4.787491742782046,13.572977743906984,13.45184222772042,58.253,13469.469383551062,9856262.419283886,3597535783.038618,91386,9.508255115386076,16.103617691192508,4.081816412
25025,2024,127,127,6.722689076,Suffolk County,MA,25,25,718056.4299247074,727249.5926002795,731687.9971,4.621907919,25,25,6.38988075,9.416667,13.047619,10.214568661904762,31.052632,793535,16.00433503248124,4.852030263919617,13.584254186539514,13.49702501616517,58.257,13621.28156273066,9987369.576,3645389895,95174,9.519462081,16.11683191038447,4.081883916496767
25025,2025,103,103,-18.8976378,Suffolk County,MA,25,25,734910.7740617881,737500.6054,739256.2387212964,1.4095590975945482,25,25,5.958333,8.4791665,12.17500025,9.649433525139663,32.785714,791891,13.006840587909196,4.6443908991413725,13.582180297861834,13.511022188077131,58.257,13593.06177798376,9990774.638,3646632742.712181,95174,9.517388342399991,16.117172789008958,4.081883916496767
25027,2023,42,42,,Worcester County,MA,25,27,414387.5813782506,426018.9566625046,438834.14463253046,,25,27,5.625,8.666667,11.6041665,9.151541225895317,30,874225,4.804255197460608,3.7612001156935624,13.681094202447005,12.962239123469205,1510.677,578.6974978767798,20202934.862615906,7374071224.854806,93561,6.362506412098283,16.821338491544097,7.320974909579925
25027,2024,67,67,59.52380952380953,Worcester County,MA,25,27,454522.2510797565,461962.5066050386,467436.60894842347,8.437077594884768,25,27,4.38541675,6.809524,10.470238,7.986950707650273,28.75,883722,7.58156977,4.219507705176107,13.691898944099618,13.04323901223612,1510.678,584.9836960622978,20471672.57,7472160487.429501,96005,6.373291966770675,16.83455271141816,7.3209755710966835
25027,2025,71,71,5.970149253731338,Worcester County,MA,25,27,474324.2216267651,475411.7798856642,476034.7210229243,2.9113343806761005,25,27,4.5744050000000005,6.5,9.75892875,7.734571115384615,28.291667,888502,7.990978073206363,4.276666119016055,13.697293303048351,13.071936612494095,1510.67,588.1509528884534,20478652.114106223,7474708021.648771,96005,6.378682437553363,16.834893590060126,7.320970278950361
26005,2025,22,22,-15.38461538,Allegan County,MI,26,5,315506.5558197785,318097.9453948643,324620.99222494784,3.470081837386574,26,5,1.7413047499999998,2.556522,3.28043525,2.778929962264151,9.247826,123188,17.85888236,3.1354942159291497,11.721475040381064,12.670114618725066,825.43,149.2410017,4629197.395103152,1689657049.2126503,85080,5.012240682769995,15.347894278266107,6.717115219
26065,2023,21,21,,Ingham County,MI,26,65,183723.86048725247,186417.76039590995,189705.5588331516,,26,65,3.37065225,5.218026500000001,7.2804345,5.790865328651686,20.247826,286405,7.332274227056092,3.091042453358316,12.565165663569855,12.13574545778861,556.087,515.0363162598658,6361423.963,2321919746.4667454,63483,6.246177143,15.665762960994671,6.3227214216261585
26065,2024,20,20,-4.761904762,Ingham County,MI,26,65,196056.8822,199976.9868548988,201045.4562494756,7.273570088060288,26,65,3.23913,4.873913,7.293614,5.651557622950819,20.047826,287390,6.959184383590243,3.044522437723423,12.568598936896645,12.205957573184099,556.081,516.8131980772586,6418315.702,2342685231,66388,6.249614555747449,15.674666445367782,6.322710651257596
26065,2025,9,9,-55,Ingham County,MI,26,65,208593.22027438247,210490.7059982663,211553.11546589463,5.257464525653743,26,65,3.4141305,4.747826,7.1717390000000005,5.661944914772727,17.778947,289709,3.106565553710793,2.302585092994046,12.576635701629073,12.257196779102605,556.081,520.9834538493493,6459197.105945003,2357606943.669926,66388,6.257635889773648,15.681015735847089,6.322710651257596
26081,2023,9,9,,Kent County,MI,26,81,295568.3040518361,302090.16194636654,306624.2584323323,,26,81,4.419792,6.1770835,8.753124750000001,6.829757290502793,21.021739,663819,1.3557912623772443,2.302585092994046,13.405766307371222,12.618480801291255,848.931,781.9469426843877,17312992.85205301,6319242390.999349,79715,6.663064932116835,16.666967867255334,6.745155169718786
26081,2024,30,30,233.3333333333333,Kent County,MI,26,81,316791.04334067454,320725.87323491817,321705.78108207847,6.168923598332943,26,81,4.847826,7.515217,11.95000025,8.715808316109422,29.213043,670412,4.474860235198654,3.4339872044851463,13.415649219370113,12.678342059804358,848.931,789.7131805,17467827.1,6375756890.368501,80768,6.672935298344803,16.675871352509855,6.745155169718786
26081,2025,13,13,-56.66666667,Kent County,MI,26,81,329085.55744224123,330250.06761148525,332623.3232,2.969574696,26,81,4.230435,6.891304,10.247826,7.964045024024024,27.373913,675232,1.925264205487892,2.639057329615259,13.422813095477153,12.707605427112743,849.545,794.8160485907163,17579088.26341624,6416367216.146928,80768,6.679368064402599,16.68222064361294,6.745877320489139
26113,2024,1,1,,Missaukee County,MI,26,113,205402.81971420447,205768.1752943737,207148.89188926644,0.041755812,26,113,0.421739,0.6887165,1.1311595,0.8636422713414635,4.856522,15196,6.580679126085812,0.6931471805599453,9.628853318933604,12.234505451427031,564.788,26.905670800371112,513860.3666,187559033.8,66502,3.328829922667512,13.149708793271735,6.338219449734813
26113,2025,2,2,100,Missaukee County,MI,26,113,202773.90553495547,205466.30663508605,208602.10339243256,-0.146703279,26,113,0.466304,0.8413045,1.2902175,1.040850436708861,5.36087,15274,13.094146916328402,1.0986122886681096,9.633972784039797,12.23303734149573,564.794,27.043488422327435,517133.3955518681,188753689.37643185,66502,3.333756463213117,13.156058072420258,6.338230054357369
26163,2023,57,57,,Wayne County,MI,26,163,150852.72913447476,152629.79366876942,155168.43291916235,,26,163,7.845833,10.9375,14.841667,11.742600996733362,32.909524,1758381,3.2416182840920142,4.060443010546419,14.379904626000393,11.935770619068965,611.835,2873.946407119566,41275888.49,15065699298.766417,57418,7.963789312055815,17.535789097865845,6.418095731677895
26163,2024,66,66,15.789473684210533,Wayne County,MI,26,163,161807.44090933297,164803.38491355412,165165.82788905044,7.975894451645082,26,163,7.372826,10.517391,14.192391,11.129596737288136,33.643478,1765534,3.738245765870269,4.204692619390966,14.383964318566425,12.012508435770568,611.84,2885.613885983264,41645028.65,15200435459,59484,7.9678394284198015,17.54469258,6.4181038904475525
26163,2025,94,94,42.42424242424243,Wayne County,MI,26,163,168884.57840130228,169214.6878358991,170490.90852579754,2.676706503727977,26,163,6.617391,9.756522,13.413043,10.488622415428168,31.947826,1769038,5.313622432078904,4.553876891600541,14.385947019252777,12.038923529927478,611.843,2891.3266965545085,41910286.28690092,15297254494.718836,59484,7.969816542512113,17.551041874731037,6.418108785677396
27003,2023,6,6,,Anoka County,MN,27,3,343709.22405259806,346111.6616172949,347530.9937554097,,27,3,3.083333,4.733333,6.98125,5.811093878,35.845833,373182,1.607794588163416,1.9459101490553132,12.829824194934952,12.754516723413767,421.973,884.3741187232358,7497470.059964069,2736576571.886885,96661,6.786010288702105,15.830076329639741,6.047308347221836
27003,2024,13,13,116.66666666666666,Anoka County,MN,27,3,349407.66090118233,350090.27874764387,350717.4918637993,1.1495183698110312,27,3,2.027083,3.377273,5.3867425,4.091094916492693,20.679167,377855,3.4404731973905336,2.639057329615259,12.842268449639981,12.765946339483962,421.973,895.448287,7638828.438,2788172380,100616,6.798440608168955,15.848754934430268,6.047308347221836
27003,2025,10,10,-23.07692308,Anoka County,MN,27,3,356436.1579120317,357206.4958235412,359916.0662679132,2.0326805706670115,27,3,3.407292,5.6291665,10.21145825,7.071927800000001,19.279167,381605,2.620510737542747,2.3978952727983707,12.85214394,12.78606931321538,421.974,904.3329683819384,7635082.900864399,2786805258.815505,100616,6.808302796897662,15.848264485554767,6.047310711436143
27037,2023,12,12,,Dakota County,MN,27,37,367995.6021452829,370893.85263747326,373182.27418195177,,27,37,3.725,5.858333,8.883333,6.635801971617786,26.13,448612,2.6749173004734605,2.5649493574615367,13.01391587969428,12.823671189162582,562.557,797.4516360119952,10383170.791202588,3789857338.7889447,100012,6.682674397269679,16.155696956578996,6.3342684818690405
27037,2024,19,19,58.33333333333333,Dakota County,MN,27,37,374358.3141398358,375193.6537814125,376027.72842003626,1.1593077408435848,27,37,3.191667,5.133333,7.6125,5.664280006647673,20.008333,453755,4.187281683,2.995732273553991,13.025314887614268,12.835197581742515,562.557,806.5938207150564,10578936.59,3861311854,105495,6.694059234991699,16.174375562055488,6.3342684818690405
27037,2025,13,13,-31.57894737,Dakota County,MN,27,37,381197.9500696549,382405.8898694158,383231.03603390674,1.922270277046079,27,37,3.6822915,5.9916665,8.69166675,6.547092396296296,21.428571,457710,2.8402263441917373,2.639057329615259,13.033993259562466,12.854237862418946,562.558,813.6227731185052,10573749.42889008,3859418542,105495,6.702725151021071,16.173885113162136,6.334270256310868
27053,2023,41,41,,Hennepin County,MN,27,53,362385.0848,365862.8274344516,368588.83932246745,,27,53,8.25,10.941667,14.941667,11.95998037260274,31.295833,1263745,3.244325397924423,3.7376696182833684,14.049590884128822,12.810013753702306,554.006,2281.1034537532087,28545080.883488588,10418954522.473335,93642,7.7328528640803285,17.166995215951914,6.318978924498809
27053,2024,64,64,56.09756097560976,Hennepin County,MN,27,53,367184.9408654842,368053.9761864239,369064.2972729573,0.5988989828065838,27,53,6.48229175,8.9541665,11.696875,9.353043281065087,25.883333,1277084,5.011416633518234,4.174387269895637,14.060090695054793,12.815984880815057,554.019,2305.126719,29083273.94,10615394988,95372,7.743324651392369,17.185673822562357,6.319002347394691
27053,2025,60,60,-6.25,Hennepin County,MN,27,53,373720.3819794294,374639.2143301589,375884.46481477056,1.7892044563592613,27,53,9.44687475,11.890127,15.50434775,12.381205866666669,27.9625,1284784,4.670045704180625,4.110873864173311,14.066101947137614,12.83371875,554.02,2319.020973972059,29069013.575808723,10610189955.170183,95372,7.7493315051246885,17.185183373639504,6.319004149133188
27137,2023,5,5,,Saint Louis County,MN,27,137,207002.7442,212450.3783191442,215023.92268736183,,27,137,2.195833,3.7125,6.016667,4.372140578082192,22.0125,200669,2.4916653793062205,1.791759469228055,12.209417046780564,12.266463726285755,6248.116,32.11672126445796,4729987.464018898,1726445424.3668978,67311,3.5000383289783206,15.369433321568502,8.740195292726867
27137,2024,7,7,39.99999999999999,Saint Louis County,MN,27,137,218200.86787046288,221425.4759089162,222108.1029753296,4.224561829816831,27,137,2.0447915,3.2204165,4.882292,3.618590994252873,13.3875,200630,3.4890096196979514,2.0794415416798357,12.209222678961282,12.307841359976214,6248.121,32.11045369,4819167.327,1758996074,69200,3.499849053972072,15.388111924914904,8.740196092839716
27137,2025,5,5,-28.57142857,Saint Louis County,MN,27,137,223809.5033,227462.9362983288,232516.3059005249,2.7266331322670645,27,137,1.889583,4.08125,6.979166749999999,4.764238933333333,16.4375,200518,2.4935417269272584,1.791759469228055,12.208664284331292,12.334742586730682,6248.121,32.092528297707425,4816804.351200934,1758133588.188341,69200,3.499307525714811,15.387621476076978,8.740196092839716
28059,2023,1,1,,Jackson County,MS,28,59,194820.53711063857,197479.5611409476,200359.33194140263,,28,59,2.4589015,3.263068,4.29002225,3.6842811373626376,12.970588,145946,0.6851849314129883,0.6931471805599453,11.89099882108642,12.193390370074136,722.825,201.9105592639989,4320453.161905813,1576965404.0956218,66751,5.3127652871927715,15.278871084765305,6.58454965
28059,2024,1,1,0,Jackson County,MS,28,59,204574.89088858632,205854.4182214311,206207.7149374321,4.240872843800836,28,59,2.2858335,3.1651515,4.459375,3.695074315934066,14.5,146899,0.6807398280451195,0.6931471805599453,11.897507362161969,12.234924490273187,722.825,203.2289973368381,4333510.417,1581731302,69544,5.3192419002367135,15.28188872221327,6.58454965
28059,2025,2,2,100,Jackson County,MS,28,59,209276.29939235543,210228.52350357256,210841.1171792776,2.124853729122478,28,59,2.10833325,2.863068,3.986458,3.211575536764706,9.129167,147666,1.3544079205775197,1.0986122886681096,11.902715017692959,12.255950425191264,722.825,204.2901117144537,4408142.511083712,1608972016.5455549,69544,5.324424157811109,15.298964186245836,6.58454965
29095,2023,30,30,,Jackson County,MO,29,95,219565.4036857921,224369.69625609752,228626.6447198601,,29,95,7.26562475,10.4125,14.0666665,10.911781063025211,33.645833,721035,4.160685681000229,3.4339872044851463,13.488444345672464,12.321050400089469,604.52,1192.739694302918,16543833.20518589,6038499120,66102,7.084846258712999,16.621524034793385,6.406087593000912
29095,2024,8,8,-73.33333333,Jackson County,MO,29,95,233916.5052588244,234903.2628201357,235287.3308730629,4.69473674,29,95,11.92812525,15.803788,19.8666665,16.18276737704918,33.5,729123,1.0972085642614484,2.1972245773362196,13.499599092548054,12.366929060802283,604.52,1206.1189042546152,16639601.29,6073454469,70661,7.095991728469726,16.62729609198997,6.406087593000912
29095,2025,15,15,87.5,Jackson County,MO,29,95,237685.8670792691,238109.1677906812,238557.5717157733,1.3647766880957368,29,95,5.96250025,11.497917,19.127083,13.195159423664125,37.683333,732994,2.046401471226232,2.772588722239781,13.504894159563122,12.380484535684477,604.52,1212.5223317673526,16945549.241752077,6185125473.239508,70661,7.101282427772237,16.645515834715145,6.406087593000912
29099,2025,3,3,-25,Jefferson County,MO,29,99,273935.7267742077,274889.5834190758,276903.60953125753,3.0560207590099253,29,99,2.48750025,3.2541665,4.83068175,3.847148692307692,11.5,233132,1.2868246315392138,1.3862943611198906,12.359364385145312,12.524124781180317,656.042,355.36139454486147,5688300.318066481,2076229616.0942647,86073,5.875945369,15.553922223405738,6.487747943
29137,2024,2,2,,Monroe County,MO,29,137,182462.1029757781,185749.83349818183,187805.1788207324,4.090339499397788,29,137,0.80625,1.220833,1.7866665,1.3262597003058103,6.420833,8857,22.58100937111889,1.0986122886681096,9.089076284483143,12.132156066203732,647.64,13.67580754740288,197142.025,71956839.12500001,63949,2.686200392983974,12.191684759526987,6.474877863263635
29183,2025,6,6,0,Saint Charles County,MO,29,183,360320.7233398539,360806.9285791273,361090.464,2.050459188792564,29,183,2.229167,2.995833,3.927273,3.2040445614035087,7.2,426499,1.4068028295494246,1.9459101490553132,12.963367645913872,12.79609827036518,560.313,761.1799119420753,9725050.387,3549643391.246557,103890,6.6361826327291284,16.090215731462727,6.3302786822001735
29189,2023,44,44,,Saint Louis County,MO,29,189,251290.75792380364,257903.55521537387,261613.7206568732,,29,189,6.716667,9.945833,13.325,10.3965602,28.4125,989977,4.444547702,3.8066624897703196,13.805437999641633,12.46034097702209,507.995,1948.7928030787705,25167237.215760857,9186041583.752712,81631,7.5754783910809484,17.041053635853295,6.232438193319564
29189,2024,28,28,-36.36363636,Saint Louis County,MO,29,189,265011.2255288888,267727.22299715213,269606.8991,3.809047057755599,29,189,5.4291665,8.345833500000001,11.54539475,9.114821710382516,27.1375,991666,2.823531309937015,3.367295829986474,13.807142644428154,12.49772391652026,507.995,1952.1176389531392,25312924.009000003,9239217263.285002,84109,7.577182164061671,17.046825693169087,6.232438193319564
29189,2025,28,28,0,Saint Louis County,MO,29,189,272491.02893843554,273200.07065595314,273854.89080177137,2.044187960243105,29,189,6.4,9.3416665,13.071875250000002,10.031819551470589,27.9625,990911,2.825682629418788,3.367295829986474,13.806381010176509,12.517959665302286,508.525,1948.5983973255984,25778346.059778173,9409096311.819033,84109,7.575378680257724,17.065045436266043,6.233478919172443
29510,2023,13,13,,Saint Louis City,MO,29,510,163010.10022502777,167995.70044358878,171042.97784682777,,29,510,5.483333,8.195833,11.3875,9.060690490620493,28.258333,283190,4.590557576,2.639057329615259,12.55387686,12.031693665460214,61.72,4588.302009073234,5763349.195070473,2103622456.2007225,55231,8.431483223751084,15.567029494678895,4.138680376042152
29510,2024,16,16,23.076923076923084,Saint Louis City,MO,29,510,171807.70874317648,173125.81129533643,173663.37370559914,3.0537155642684333,29,510,5.135417,7.766667,11.45625,8.717002564,28.058333,280445,5.705218492039437,2.833213344056216,12.544136472042826,12.061773842095208,61.72,4543.826960466624,5796711.771,2115799796,53962,8.421744933,15.572801551224746,4.138680376042152
29510,2025,7,7,-56.25,Saint Louis City,MO,29,510,174406.64515982705,174893.7111148327,175107.96331709053,1.0211647854636796,29,510,5.891667,8.5125,13.166667,9.736305249,29.0625,278144,2.516682006442706,2.0794415416798357,12.535897839429593,12.071933703326676,61.717,4506.764748772624,5903294.379918256,2154702448.670163,53962,8.413556688521265,15.591021291920311,4.138632543265531
30017,2023,1,1,,Custer County,MT,30,17,218576.7157,227174.6446501189,230178.4273959943,,30,17,1.952381,3,4.75,3.5675678,14.166667,12003,8.331250520703158,0.6931471805599453,9.392995206560258,12.333474360350236,3783.309,3.1726195243370285,463295.14511028846,169102727.9652553,58850,1.428544021880427,13.046121750865675,8.238618586457253
30031,2023,9,9,,Gallatin County,MT,30,31,654527.6773446279,660476.5431944381,668510.8619558917,,30,31,1.141667,1.604167,2.179167,1.834282512328767,9.385714,125952,7.145579268292683,2.302585092994046,11.743664100472873,13.400716888603728,2605.353,48.343545001387525,3478467.6384342806,1269640688.0285125,90942,3.898806956947223,15.062102708474884,7.865707205149895
30031,2024,3,3,-66.66666667,Gallatin County,MT,30,31,699592.1951912337,701232.5686034432,702560.1207874276,6.170699902813492,30,31,0.859511,1.275,1.797645,1.392423383,4.763636,127498,2.352978086,1.3862943611198906,11.755863800412605,13.46059487790359,2605.354,48.93691989649008,3495269.407,1275773334,100953,3.910760606868083,15.066921300328127,7.8657075888277035
30031,2025,6,6,100,Gallatin County,MT,30,31,683344.5702361971,688173.7395098347,698664.3761502071,-1.862267909,30,31,0.82178,1.252174,1.8427535,1.4170951069767443,7.266667,128740,4.660556159701724,1.9459101490553132,11.765557913170039,13.44179661339288,2605.354,49.41363054694296,3502624.665167259,1278458002.7860496,100953,3.9202615858730074,15.069023435255529,7.8657075888277035
30111,2024,5,5,400,Yellowstone County,MT,30,111,378040.6634813285,378919.0179405841,381274.4164064667,2.545606339,30,111,4.083333,5.583333,8.809524,6.725915916932908,22.375,171548,2.914636136824679,1.791759469228055,12.052624219065292,12.845077788253251,2633.4,65.14316093263461,3920722.225,1431063612,77321,4.191821497954374,15.181786690897283,7.876410731062155
30111,2025,1,1,-80,Yellowstone County,MT,30,111,384246.6790301065,385170.7877238407,385518.6940590874,1.649896017,30,111,3.625,4.916667,7.666667,6.085449690607735,29.625,172692,0.5790656197160262,0.6931471805599453,12.059270730597605,12.861442119384051,2633.402,65.57753050996392,3928972.783242798,1434075065.8836212,77321,4.198367140890727,15.183888825889879,7.876411490248019
32003,2023,61,61,,Clark County,NV,32,3,402462.03963884286,406431.9597168041,410400.7846767208,,32,3,6.027627000000001,12.2875,18.9145835,13.344380682634732,40.7,2351008,2.594631749445344,4.127134385045092,14.670355155673109,12.915171813189808,7891.661,297.91041455024487,42176384.90134735,15394380488.99178,75103,5.700143911607766,17.557371046587818,8.973688619
32003,2024,74,74,21.311475409836067,Clark County,NV,32,3,421781.4434846911,428337.2394252035,432853.54308943904,5.389654820369594,32,3,6.133644,12.813043,19.95,13.73718530279432,36.96087,2385746,3.101755174272534,4.317488114,14.685022840812504,12.967666106882398,7891.661,302.3122762115605,42834088.58,15634442331,80047,5.7147628893504026,17.572844829011768,8.973688619
32003,2025,41,41,-44.59459459,Clark County,NV,32,3,429614.0583905139,434032.2495375631,437319.5143145176,1.3295622206469515,32,3,5.221443000000001,10.547826,16.486956499999998,11.584230163894023,35.421739,2407226,1.7032052661445167,3.7376696182833684,14.693986020586017,12.98087412,7891.661,305.03413666653955,43754844.00649784,15970518062.37171,80047,5.723696653464069,17.594112907642007,8.973688619
32031,2023,15,15,,Washoe County,NV,32,31,524276.0716295775,528830.9815255502,533711.0893838876,,32,31,5.2,8.166667,15.2125,11.256245597260271,37.336364,499599,3.002407931160791,2.772588722239781,13.12156305723356,13.178424154164862,6315.874,79.10211635000952,9964152.294945024,3636915587.654934,84282,4.383302275073709,16.11450454012593,8.750979745
32031,2024,6,6,-60,Washoe County,NV,32,31,542952.7789110761,548643.9910999653,551972.0491199931,3.746567479321894,32,31,4.677083,7.025,13.1130685,10.00081862087912,36.608333,505384,1.1872160574929165,1.9459101490553132,13.133075794033974,13.215205042203616,6315.873,80.01807509429021,10119534.5,3693630092,91178,4.3946722790905595,16.12997832137295,8.750979586216628
32031,2025,10,10,66.66666666666667,Washoe County,NV,32,31,554859.2655296864,556813.9635109755,559929.2307691488,1.4891209132957828,32,31,3.92381,5.7875,9.725,8.324325604395606,32.138095,509386,1.963147789691904,2.3978952727983707,13.140963320981982,13.229986465832607,6315.884,80.65157624807549,10337062.56100625,3773027834.767281,91178,4.402461124166762,16.151246398414976,8.750981327583032
33015,2023,7,7,,Rockingham County,NH,33,15,520177.09289363225,534308.2519736744,547803.4619407749,,33,15,1.1572915,1.617029,2.77556825,2.178514547222222,10.8875,320441,2.184489500407252,2.0794415416798357,12.677456571727626,13.188728202284159,695.391,460.8069417061768,8523102.05,3110932248.3778524,109660,6.135146928652755,15.958291040285532,6.545911284203401
33015,2024,12,12,71.42857142857142,Rockingham County,NH,33,15,566904.8334,575954.4165312175,581778.3639105577,7.7944078916443615,33,15,1.1041665,1.632609,2.72187475,2.409869541208791,22.395833,322001,3.726696500942544,2.5649493574615367,12.68231303568738,13.263783798579817,695.429,463.0249817019423,8602060.278,3139752002,119559,6.139938390651817,15.967512416027486,6.54596585
33015,2025,10,10,-16.66666667,Rockingham County,NH,33,15,588569.4700905317,591337.5688333146,596272.6909297192,2.670897532958372,33,15,2.11480975,3.3916665,5.7062955,4.360916906666667,21.883333,324077,3.0856864263739787,2.3978952727983707,12.688739506541806,13.290142315784701,695.554,465.92644136903823,8602060.278,3139752002,119559,6.146171732134004,15.967512416027486,6.546145320724217
34003,2023,54,54,,Bergen County,NJ,34,3,626766.7011462329,641967.8784096434,648859.0383237123,,34,3,12.1875,16.208333,21.75,17.52463129859155,44.075,964156,5.600753405050635,4.007333185232471,13.779009423402472,13.372293547790536,232.788,4141.777067546437,18266899.51380201,6667418322.537734,116157,8.329121631203225,16.720601265018665,5.454414721801158
34003,2024,47,47,-12.96296296,Bergen County,NJ,34,3,677322.8458202307,690754.4301571916,702137.8165707688,7.599531594697195,34,3,11.666666500000002,15.154167,19.96041675,16.322941658469944,43.208333,973477,4.828054489217516,3.8712010109078907,13.788630504668976,13.445539656311519,232.794,4181.710009708154,18443459.53,6731862729.289499,121894,8.338714643,16.730220422927385,5.454440385748874
34003,2025,33,33,-29.78723404,Bergen County,NJ,34,3,717420.4128161471,723712.2790530263,728354.2578300708,4.771283028663986,34,3,11.510417,15.683333,20.129167,16.435691011173184,38.808333,977026,3.377596911443503,3.5263605246161616,13.792269566262306,13.492149187758818,232.797,4196.901162815672,18404185.301034927,6717527634.8777485,121894,8.342339956229113,16.728088713061886,5.454453217475747
34007,2023,4,4,,Camden County,NJ,34,7,280539.0999432964,291941.2010317349,299680.46227679617,,34,7,6.508333,10.225,14.840909,11.404700868493151,33.225,529977,0.7547497344224372,1.6094379124341003,13.180590775232801,12.584307694643822,221.362,2394.164310044181,9985017.021196345,3644531212.7366657,82678,7.7812071129381915,16.11659633,5.404306684468277
34007,2024,17,17,325,Camden County,NJ,34,7,314226.0862151166,318072.5807616648,322437.6740367979,8.950905058135096,34,7,6.35,9.833333,13.7791665,11.008854389067524,36.020833,533595,3.1859368997085804,2.8903717578961645,13.18739427730358,12.670034877108094,221.364,2410.486800021684,10081527.914500002,3679757688.792501,91411,7.787998765731526,16.126215487131343,5.404315678770386
34007,2025,15,15,-11.76470588,Camden County,NJ,34,7,329881.7675,333018.46356813906,335195.7119881252,4.698890665358357,34,7,5.2,7.513636,11.1458335,8.935659810055865,24.909524,535799,2.799557297,2.772588722239781,13.191516236092646,12.715953213576068,221.365,2420.4323176653943,10060059.910727397,3671921867.415499,91411,7.7921145108705385,16.12408377736181,5.404320175891105
34011,2024,2,2,,Cumberland County,NJ,34,11,250194.12320778897,257110.3064628009,261133.0691974208,7.514194939741858,34,11,2.702083,4.4875,7.5354165,5.636244606060606,19.653846,156407,1.278715147020274,1.0986122886681096,11.960223256680326,12.457260479820402,483.38,323.56944846704454,2636620.207,962366375.6,66986,5.782499530093401,14.785008809587017,6.182869722634979
34011,2025,1,1,-50,Cumberland County,NJ,34,11,265325.15186842624,266834.0359822012,267882.6289508634,3.781929108,34,11,2.56202375,4.25,6.932292,5.152374988888889,23.758333,157148,0.6363428105989258,0.6931471805599453,11.964949678858346,12.49438215603478,483.38,325.10240390582976,2631005.683781808,960317074.6,66986,5.787211454451113,14.782877100415178,6.182869722634979
34017,2023,27,27,,Hudson County,NJ,34,17,566251.7863862135,576049.1117606417,581442.0823077197,,34,17,10.9010415,15.40625,21.269792,16.713134370833334,42.458333,719682,3.7516569818336434,3.332204510175204,13.486566116263742,13.26394819951664,46.194,15579.555786465771,5658568.305355007,2065377431.4545767,88469,9.653778991860728,15.548681645321434,3.8542667658671825
34017,2024,16,16,-40.74074074,Hudson County,NJ,34,17,597888.6167078428,607698.6743,618155.2181815036,5.494247265792884,34,17,10.616667,15.191667,21.245833,16.51611100693481,54.641667,731028,2.1886986544975024,2.833213344056216,13.502208409627642,13.317434436617036,46.193,15825.514688372696,5713261.6,2085340484,93468,9.669441957337066,15.55830080206244,3.8542455765084775
34017,2025,20,20,25,Hudson County,NJ,34,17,626826.5957944386,627691.1433929984,628844.2567323798,3.289865504768641,34,17,12.318561,16.5375,22.552841,17.943415150417827,39.916667,735033,2.7209662695416394,3.044522437723423,13.507672035628483,13.349803514588427,46.193,15912.21613664408,5701095.555467974,2080899877.7458107,93468,9.674905247,15.55616909245475,3.8542455765084775
34023,2023,29,29,,Middlesex County,NJ,34,23,467773.1334750136,480151.8284101372,488250.0027016259,,34,23,3.979167,6.720833,10.2,7.824076797260274,30.158333,873281,3.320809682106905,3.4011973816621555,13.680013806715685,13.081857642056654,309.247,2823.894815471128,21510591.06,7851365738.634151,104637,7.946226409425811,16.884056025958134,5.737368754416693
34023,2024,39,39,34.48275862068966,Middlesex County,NJ,34,23,511705.2993589828,524103.7703,535416.9432089439,9.153759137,34,23,3.82187475,5.6745470000000005,10.294318,7.773701346994535,29.883333,881620,4.423674599033597,3.6888794541139363,13.689517537423766,13.169444978620517,309.252,2850.814222705108,21718503.22,7927253673,113828,7.95571064,16.89367518394588,5.73738487
34023,2025,70,70,79.48717948717949,Middlesex County,NJ,34,23,553629.4516359982,556655.4355197935,557550.2744606083,6.210919877570187,34,23,3.99374975,6.2067935,9.32540725,7.325621611111111,28.191667,883335,7.924513349974811,4.2626798770413155,13.691460928157664,13.22970171980835,309.313,2855.796555592556,21672254.97634916,7910373066.367441,113828,7.957456190592224,16.891543474062935,5.737581465517146
34027,2023,33,33,,Morris County,NJ,34,27,568659.1389455752,587213.3081522578,600509.2224100707,,34,27,1.066667,2.0645835,3.9114585,3.029384769230769,29.9375,516902,6.384188879129892,3.5263605246161616,13.155610514997816,13.283143419772657,461.025,1121.2016701914213,12441816.890548345,4541263165.050146,134308,7.023047811634621,16.336573767279702,6.135619002
34027,2024,33,33,0,Morris County,NJ,34,27,629603.6159113579,641320.5296423296,649929.4424626504,9.214236247527683,34,27,1.81130975,2.6384805,3.998958,3.524571721311476,27.35,521355,6.329660212331328,3.5263605246161616,13.16418839,13.37128465716523,461.026,1130.8581294764283,12562074.158000002,4585157067.670001,137213,7.031615923591361,16.34619292494306,6.135621166554522
34027,2025,27,27,-18.18181818,Morris County,NJ,34,27,662369.3113729073,666252.7041817748,667902.5674803185,3.887630815958776,34,27,1.710417,2.754167,4.3958335,3.4450321166666664,12.604167,524251,5.150204768326622,3.332204510175204,13.169727763730661,13.409424313263372,461.027,1137.1373043227404,12535323.981072174,4575393253.091344,137213,7.037148261470322,16.344061215131735,6.135623330932539
34039,2023,17,17,,Union County,NJ,34,39,526396.7203558731,544099.3841879244,552385.1220198234,,34,39,12.90729175,18.685417,24.944792,19.3458875,46.3125,586115,2.9004546889262346,2.8903717578961645,13.281273001187625,13.206887200673936,102.766,5703.394118677384,10404138.451654032,3797510534.8537216,100031,8.648992054846966,16.157714309118486,4.642138364088079
34039,2024,18,18,5.882352941176472,Union County,NJ,34,39,574567.7007808932,582742.9766669944,590757.0684789632,7.102304027920559,34,39,12.9625,18.523529,24.666667,19.71188239058172,52.754545,598743,3.006298194717934,2.9444389791664403,13.302589406780227,13.275501504773887,102.767,5826.218533186724,10504700.39,3834215643,101023,8.670295069989983,16.16733346663115,4.642148001109661
34039,2025,20,20,11.111111111111116,Union County,NJ,34,39,604534.8156940021,606026.1495,607108.6423217026,3.995444614185817,34,39,11.1979165,16.5354165,25.16874975,17.957973533333334,45.8,601863,3.323015370607597,3.044522437723423,13.30778678514737,13.314678415110574,102.767,5856.578473634533,10482331.269035896,3826050913.198102,101023,8.675491567412916,16.165201756853094,4.642148001109661
34041,2023,1,1,,Warren County,NJ,34,41,351972.9265262486,360150.3551470116,367209.6824256182,,34,41,6.9770835,10.3,13.8229165,10.737627983286908,23.7,111651,0.8956480461437872,0.6931471805599453,11.623142170229228,12.79427687642562,356.541,313.1505212584247,3653310.605101857,1333458370.8621778,98857,5.749872238113614,15.111144603289732,5.879250041
34041,2024,1,1,0,Warren County,NJ,34,41,384191.6379521742,389607.5913563233,394918.9944455732,8.179149565821596,34,41,6.845833,9.258333,12.445833,10.34447607563025,48.7875,112424,0.8894897886572263,0.6931471805599453,11.630041611638909,12.872895335561516,356.541,315.31857486235805,3688621.939,1346347008,94865,5.7567498540453075,15.120763759102141,5.879250041
34041,2025,1,1,0,Warren County,NJ,34,41,402185.4419224994,403257.7661558808,404702.02904452174,3.503570028509384,34,41,5.00625025,8.1180555,11.30833325,8.232300101123595,21.679167,112953,0.885323984,0.6931471805599453,11.634735935169047,12.907331254713055,356.541,316.8022751941572,3680767.241738459,1343480043.2345376,94865,5.761429413278238,15.11863204969947,5.879250041
35001,2023,14,14,,Bernalillo County,NM,35,1,306809.38527786656,313276.9185824724,319878.4197969334,,35,1,4.375,6.7375,10.9625,8.254014344432882,28.5,671767,2.0840559301067185,2.708050201,13.417668321801658,12.65484280229044,1161.245,578.4886049,14010483.336771138,5113826417.921465,68286,6.362145998910892,16.455316488505865,7.058108759
35001,2024,30,30,114.28571428571428,Bernalillo County,NM,35,1,329183.6392237861,331267.4272,332601.24529726186,5.742685652259572,35,1,4.110526,6.629167,11.654167,8.428394681,29.358333,670181,4.476402643464974,3.4339872044851463,13.415304596270243,12.710681265313784,1161.245,577.1228294,14111518.05,5150704087,72986,6.359786354,16.462501975546743,7.058108759
35001,2025,54,54,80,Bernalillo County,NM,35,1,338237.4841046165,338655.7483,338818.89112296177,2.230319200382924,35,1,4.5354165,6.393750000000001,9.53560625,7.804332982800982,27.858333,667601,8.088663737771512,4.007333185232471,13.411447466571202,12.732739378661105,1161.245,574.9010760003273,14294003.146986697,5217311148.650145,72986,6.355935902891376,16.47535071688282,7.058108759
35013,2023,2,2,,Dona Ana County,NM,35,13,268651.4954463264,276046.1034,280017.9150804775,,35,13,4.130682,6.045833,9.1548615,7.300419056708161,30.22,165490,1.208532237597438,1.0986122886681096,12.01667209165592,12.52832317205379,3808.179,43.45646568,5148345.583179946,1879146137.8606803,56233,3.794510410999237,15.454186169282034,8.245168959336093
35013,2024,9,9,350,Dona Ana County,NM,35,13,281286.3591591001,283452.9267352746,284748.8727214919,2.683183423094748,35,13,3.654167,5.465217,9.016667,6.808841264909848,24.229167,167706,5.366534292154127,2.302585092994046,12.029973688144691,12.554801345101417,3808.179,44.03837109547634,5185472.183,1892697347,60154,3.807514817446452,15.461371655443255,8.245168959336093
35013,2025,21,21,133.33333333333334,Dona Ana County,NM,35,13,284153.99261923536,284936.7941775836,285402.61724761204,0.5234969557025737,35,13,3.795833,5.691667,7.945833,6.371219937614679,35.295833,169752,12.37098826523399,3.091042453358316,12.042099718313377,12.560022659839621,3808.179,44.57563575661753,5252528.853,1917173031.2637987,60154,3.819373270146367,15.474220395222034,8.245168959336093
35015,2023,4,4,,Eddy County,NM,35,15,231561.2276228637,232553.7477255396,234367.3164501516,,35,15,2.9864580000000003,4.7295455,7.085227,5.281563649425287,22.2125,60753,6.584037002287953,1.6094379124341003,11.014588202656597,12.356876650306258,4176.347,14.546923423748076,2355033.872098546,859587363.3159693,66485,2.7438627684874137,14.67206609300818,8.337431635023261
35015,2024,1,1,-75,Eddy County,NM,35,15,232330.8036472651,234976.99273759595,235416.7699585156,1.0420150334090827,35,15,3.108333,4.9359845,7.00625025,5.315268911111112,20.379167,61799,1.618149161,0.6931471805599453,11.031658643445782,12.367242885089189,4176.348,14.797377996278088,2372016.881,865786161.6379999,75342,2.7598439766591096,14.679251577519906,8.337431874409619
35015,2025,7,7,600,Eddy County,NM,35,15,233504.79941048552,237784.26289917773,242313.9950049997,1.1947000124887586,35,15,3.78512875,5.3541665,7.188834,5.685285381889764,25.016667,62509,11.198387432209762,2.0794415416798357,11.043081822925858,12.379119083164936,4176.348,14.96738298628371,2402690.954328978,876982198.3300769,75342,2.770548078183994,14.692100314378521,8.337431874409619
35025,2023,1,1,,Lea County,NM,35,25,197358.46380095297,204164.3293021196,209745.27270964428,,35,25,3.0914775,4.5770835000000005,6.8772725,5.391718123595505,15.404167,73214,1.3658589887180048,0.6931471805599453,11.201155596989357,12.226680484351228,4391.552,16.671554839837945,2873771.5246886807,1048926606.5113684,60820,2.871956275660088,14.871136193110996,8.387665658352022
35025,2024,1,1,0,Lea County,NM,35,25,189891.6461557378,191998.82951537723,193341.2878679912,-5.958680357,35,25,2.908333,4.925,7.470833,5.657001498583569,18.104167,74446,1.343255514063885,0.6931471805599453,11.217842741799934,12.16524455471726,4391.552,16.952093474015566,2894495.34,1056490799,73147,2.887706736212624,14.878321678171497,8.387665658352022
35045,2023,3,3,,San Juan County,NM,35,45,230101.89211663604,233635.46733862665,235469.03742274773,,35,45,1.1105075000000002,4.75,7.862829,5.204214490219324,26.183333,120754,2.484389751064147,1.3862943611198906,11.701518978525032,12.361517347771857,5517.232,21.886699707389504,3235083.207425446,1180805370.7102878,57296,3.130555943027282,14.989565515694418,8.615812798112318
35045,2024,1,1,-66.66666667,San Juan County,NM,35,45,243124.78468817205,245303.52016671264,248903.0513820372,4.994127373295831,35,45,1.006386,3.619203,6.7666665,4.7238753303225804,23.125,120525,0.8297033810412777,0.6931471805599453,11.699620776273214,12.410251580599025,5517.232,21.84519338682876,3258412.574,1189320589,64999,3.1287407401502856,14.996751001033173,8.615812798112318
35045,2025,2,2,100,San Juan County,NM,35,45,251412.7782715904,253341.55641313468,255551.6668823032,3.276771666773981,35,45,1.03645825,3.5229165,5.9177085,4.128887888030889,17.083333,120340,1.6619577862722288,1.0986122886681096,11.698084658528748,12.442493882593137,5517.23,21.81166998656935,3300549.1984946863,1204700457.4505606,64999,3.1272722465304064,15.00959973935591,8.615812435677327
36005,2023,6,6,,Bronx County,NY,36,5,456710.4686782647,457824.5797442245,458890.1368096387,,36,5,9.120833,12.68,18.383333,14.682372228965516,49.041667,1380478,0.4346320622277211,1.9459101490553132,14.13794109835689,13.034241376068957,42.176,32731.36380880121,8816486.358457632,3218017520.837036,46894,10.396119586360074,15.992134089978652,3.7652847853163416
36005,2024,9,9,50,Bronx County,NY,36,5,456652.6006,460499.7331691616,464572.4714010521,0.5843184362079645,36,5,8.76884475,11.966667,17.16562525,13.67267387741047,45.611111,1406052,0.6400901246895563,2.302585092994046,14.156297046232613,13.040067555240114,42.176,33337.727617602424,8936316.228300001,3261755423.3295007,46486,10.414474991737368,16.005634119134633,3.7652847853163416
36005,2025,11,11,22.222222222222232,Bronx County,NY,36,5,473676.2788197528,479356.2111182213,483127.1120502204,4.094785857809136,36,5,8.3125,12,16.541667,13.014340656964656,35.929167,1406332,0.7821766126348544,2.4849066497880004,14.156496165415346,13.080199255797272,42.201,33324.613160825575,8890686.789,3245100678,46486,10.414081544302265,16.00051497111677,3.7658636431302988
36029,2023,22,22,,Erie County,NY,36,29,241150.4005658728,247549.0008672839,252594.4254084884,,36,29,5.82812525,8.458333,11.79375,9.169324686,29.6,947418,2.322100699,3.1354942159291497,13.761496724157752,12.419363824696932,1042.763,908.5650334735698,19983996.43988678,7294158700.558674,70443,6.812966500045679,16.81044238323934,6.950587731177322
36029,2024,45,45,104.54545454545456,Erie County,NY,36,29,259583.2098,265202.85988010856,267721.3608556424,7.131460418,36,29,5.655556,8.145833,10.9375,8.665628607085347,32.179167,947783,4.747922256465879,3.828641396489095,13.76188190717457,12.488250321097345,1042.763,908.9150650723128,20255610.28,7393297751,73040,6.813351260069535,16.823942413245256,6.950587731177322
36029,2025,39,39,-13.33333333,Erie County,NY,36,29,270658.3310143386,272959.3206854325,276530.96770443104,2.924727436510466,36,29,4.197917,6.2708335,9.264583,7.114581156378601,30.925,946741,4.119394850333936,3.6888794541139363,13.76078189576795,12.517078054585962,1042.763,907.9157967822028,20152183.75220377,7355547069.554376,73040,6.812252457083939,16.81882326490645,6.950587731177322
36055,2023,92,92,,Monroe County,NY,36,55,223391.1381,232275.06296613123,240544.8783881025,,36,55,4.6625,6.2875,8.3125,6.766558326869806,18.720833,748957,12.28374926731441,4.532599493153256,13.526438186160753,12.355677564593886,656.944,1140.0621666382524,15115669.513631605,5517219372.475535,73263,7.039714833,16.53124254602102,6.4891198213205845
36055,2024,62,62,-32.60869565,Monroe County,NY,36,55,246406.92450844828,253696.9925536114,258344.80375523923,9.222655809,36,55,5.108333,6.6791665,8.339583000000001,7.095015019230769,20.6125,750294,8.263427403124641,4.143134726391533,13.52822174151055,12.443895891175806,656.944,1142.097347719136,15321115.156800002,5592207032,76594,7.041496828776339,16.544742575810826,6.4891198213205845
36055,2025,64,64,3.2258064516129004,Monroe County,NY,36,55,263111.4998744717,265208.5630256744,267060.28303978674,4.537527369241623,36,55,4.94479175,6.1407735,8.02708325,6.8051035,21.866667,750506,8.527580059319979,4.174387269895637,13.528504257127413,12.488271825707992,656.967,1142.380058663525,15242884.499733953,5563652842.402893,76594,7.041744118292553,16.53962342755362,6.489154778091981
36081,2023,20,20,,Queens County,NY,36,81,674337.3687034061,682980.0202166988,693323.6442301073,,36,81,9.96875,13.8875,19.5166665,15.209081946354884,53.5,2314747,0.8640253124855546,3.044522437723423,14.654811384285727,13.434220885148035,108.724,21290.11994,19220296.596886314,7015408257.863504,81399,9.966045360543436,16.771477445095513,4.697968121839444
36081,2024,23,23,14.999999999999991,Queens County,NY,36,81,680060.7401510354,687441.0392452127,696797.2634004971,0.6531697701930517,36,81,9.1770835,13.3020835,17.612772,14.205166600282489,43.5625,2367034,0.9716801702045682,3.1780538303479458,14.677148675036568,13.440731343747299,108.724,21771.03491,19481530.56,7110758653,84684,9.988381623,16.78497747507477,4.697968121839444
36081,2025,11,11,-52.17391304,Queens County,NY,36,81,707669.1412286087,718240.0355,723735.9127296195,4.480238228,36,81,9.20937475,12.4958335,17.473958500000002,13.80686615261044,48.44,2358182,0.4664610280292191,2.4849066497880004,14.67340196521059,13.484559103442134,108.724,21689.61775,19382056.534959245,7074450635.260124,84684,9.984635084282107,16.77985832674603,4.697968121839444
36103,2023,47,47,,Suffolk County,NY,36,103,599180.3315539479,605979.7579497183,617387.0919046139,,36,103,1.729167,2.508333,4.325,3.5140434602739727,17.141667,1533173,3.065537939945459,3.8712010109078907,14.242850654348402,13.314601861770331,910.922,1683.1002,30968246.46090513,11303409958.230371,123219,7.4289866942197955,17.248472962066167,6.815554460100958
36103,2024,58,58,23.404255319148938,Suffolk County,NY,36,103,648756.2368341314,655412.3341245295,665412.6829528431,8.157463269,36,103,1.84374975,2.7104165,3.9208335,3.407751409,17.445833,1543330,3.758107468914619,4.077537444,14.249453625514114,13.393019834301583,910.934,1694.2281219056483,31389153.474400003,11457041018,125969,7.435572595953849,17.26197299231008,6.815567619034558
36103,2025,82,82,41.37931034482758,Suffolk County,NY,36,103,679277.5487,680558.5180309851,682643.6126821112,3.8366967780740335,36,103,1.6572915,2.6458335,4.065625,3.2019402822580645,14.575,1546090,5.303701595638029,4.418840607796598,14.251240367975496,13.430669090074492,910.94,1697.246800008782,31228878.31975765,11398540586.711544,125969,7.437351703782153,17.256853843881405,6.815574198436425
37067,2023,2,2,,Forsyth County,NC,37,67,257819.3134456674,260604.88549381727,266090.43890486204,,37,67,3.852174,5.305,7.889474,6.605856416438356,24.108696,393631,0.5080900640447525,1.0986122886681096,12.883171741668512,12.470760690595458,407.858,965.1177615738812,8883870.947235042,3242612895.7407904,65556,6.873285733173719,15.999748050028892,6.013367907494944
37067,2024,1,1,-50,Forsyth County,NC,37,67,272832.1512755711,276914.07133764395,277486.6740982266,6.258204182520433,37,67,3.793478,5.0891305,7.20434775,5.982931781420765,21.208696,397836,0.2513598568254255,0.6931471805599453,12.893797652640302,12.53146252526639,408.046,974.9783112688276,8878981.118,3240828108,67638,6.883440364105551,15.999197482046899,6.013827619156242
37067,2025,4,4,300,Forsyth County,NC,37,67,276438.32607410266,277349.5404144387,278030.78295256104,0.1572578362273979,37,67,3.228261,4.152632,5.780435,5.104549069958848,18.656522,401718,0.9957233681338652,1.6094379124341003,12.90350811820815,12.533033868422114,408.046,984.4919445356652,8971916.149561305,3274749394.589876,67638,6.893140952572219,16.009609940246264,6.013827619156242
37119,2023,55,55,,Mecklenburg County,NC,37,119,399172.4096847183,402684.0256317204,409250.35197887593,,37,119,4.86903375,7.519318,11.51666675,8.59282578,25.763636,1173749,4.685839987936092,4.025351691,13.97571430950461,12.905907477892129,523.608,2241.6559716429088,27868961.092279702,10172170798.68209,84796,7.7154161440863716,17.14302415772698,6.262651317030565
37119,2024,37,37,-32.72727273,Mecklenburg County,NC,37,119,418987.1818520245,421243.3917348786,421304.9513122501,4.608915408065339,37,119,5.2177085000000005,8.654166499999999,12.831818,9.62954928,32.541667,1206829,3.065885887727259,3.6375861597263857,14.003507645089648,12.95096607324941,523.612,2304.815397660864,27853621.56,10166571868,90698,7.743189644572057,17.142473589702757,6.262658941742256
37119,2025,36,36,-2.702702703,Mecklenburg County,NC,37,119,417220.2241,417847.3334121447,420772.7182804569,-0.806198599,37,119,4.7322915000000005,8.527273,12.504167,9.342148976973684,33.2,1233383,2.918801377998561,3.6109179126442243,14.02527216918362,12.942871413722358,523.602,2355.5735081225816,28145161.448246844,10272983928.610098,90698,7.764963939648788,17.152886048696857,6.262639879854023
37159,2023,5,5,,Rowan County,NC,37,159,252636.5259533857,255147.3307839436,258757.0129229715,,37,159,3.532609,4.354348,5.25760875,4.714047612637363,14.834783,151833,3.293091752122397,1.791759469228055,11.930543097783763,12.44959642507719,511.61,296.77488712104923,3709227.781207194,1353868140.140626,65139,5.6963377886922535,15.12633453728908,6.239515322128292
37159,2024,3,3,-40,Rowan County,NC,37,159,267403.7879301697,269272.13568539754,270279.64387179737,5.535940688877794,37,159,3.261087,4.604348,6.4695655,5.048668330484331,13.63,153713,1.9516891869913409,1.3862943611198906,11.942849011910766,12.503477804027117,511.61,300.4495611891871,3707186.161,1353122949,65555,5.708602709267369,15.12578396939357,6.239515322128292
37183,2023,60,60,,Wake County,NC,37,183,467201.3579875473,472147.3696667621,477772.0813,,37,183,4.494076,6.823913,10.28152175,7.841923975274724,31.342857,1200630,4.997376377401864,4.110873864173311,13.99835780988966,13.065046439706222,834.611,1438.5504145044818,27621466.397113536,10081835234.94644,103084,7.272086131672021,17.134103832597663,6.7281631937891575
37183,2024,58,58,-3.333333333,Wake County,NC,37,183,485208.5992807516,488125.1623861379,488288.4113614607,3.384068989021949,37,183,3.647826,5.834783,9.115789,6.677765885877318,25.35,1229475,4.717460704772362,4.077537444,14.02209862031773,13.098327132249297,834.607,1473.1184857064463,27606263.09,10076286026,107083,7.295815453308669,17.133553264573617,6.728158407
38015,2023,2,2,,Burleigh County,ND,38,15,314371.7551861218,319927.78369818855,322886.8796,,38,15,2.717708,3.8511905,5.85625,4.791516107734807,24.8375,101082,1.978591638471736,1.0986122886681096,11.523697240523516,12.675850573364102,1632.694,61.91117257734763,1737188.4227100252,634073774.2891592,86521,4.141723772,14.367779090924074,7.398598987380803
38015,2024,3,3,50,Burleigh County,ND,38,15,325419.5571404537,326830.28500039235,330932.20319217275,2.1575185569739253,38,15,2.13749975,3.1083335,4.494345249999999,3.589353458563536,12.92,102447,2.928343436118188,1.3862943611198906,11.537110631758583,12.697196309034089,1632.694,62.747214113606105,1774789.125,647798030.6,91254,4.154925482904927,14.389192734407855,7.398598987380803
38015,2025,2,2,-33.33333333,Burleigh County,ND,38,15,339486.344,342455.4553561274,346813.6496691606,4.780820833576138,38,15,1.635417,2.5375,3.8779165,3.197920452674897,14.154167,103251,1.937027244288191,1.0986122886681096,11.544927881095722,12.743896870871854,1632.695,63.23961303244023,1779529.855645182,649528397.3104914,91254,4.162620045841413,14.39186032328483,7.398599599490349
38017,2023,1,1,,Cass County,ND,38,17,298990.2824705592,300745.85147174064,302344.2273453545,,38,17,2.144345,3.6875,6.043749999999999,4.469261826625387,17.641667,197325,0.5067781578613961,0.6931471805599453,12.192612462345341,12.614020839799114,1764.935,111.80298424587876,3865502.863934069,1410908545.3359354,75477,4.725642794794488,15.167602597337062,7.476435574144519
38017,2024,6,6,500,Cass County,ND,38,17,303840.0310446804,307628.6561615685,311192.3592815966,2.288578431305344,38,17,1.795833,2.766667,4.29568425,3.2603579918032786,12.245833,199271,3.010975003889176,1.9459101490553132,12.202426004609976,12.636648672747699,1764.935,112.90557442625366,3949170.024,1441447059,77791,4.735369810662513,15.189016247535623,7.476435574144519
38017,2025,7,7,16.666666666666675,Cass County,ND,38,17,316352.6054810313,316669.9768990507,319042.24639930844,2.9390372308923274,38,17,1.577557,2.5857145,4.340624999999999,3.246327245833333,11.566667,201794,3.468884109537449,2.0794415416798357,12.215007609587753,12.66561543,1764.935,114.33508882763388,3959718.855782895,1445297382.3607566,77791,4.747841707322625,15.191683837239056,7.476435574144519
38025,2023,3,3,,Dunn County,ND,38,25,301897.7939,305038.5320917849,307325.2757532562,,38,25,1.39687475,1.8892045,2.6541665,2.168017530726257,14.204167,4027,74.49714427613608,1.3862943611198906,8.301025253838453,12.628193382337153,2008.492,2.004986825937072,400536.5960779321,146195857.5684452,87618,1.1002731839299975,12.900562913938533,7.605637232791508
38025,2024,2,2,-33.33333333,Dunn County,ND,38,25,308211.6315210349,315061.5021760053,316296.24642713537,3.285804588518193,38,25,1.42499975,2.045833,2.79583325,2.213060098360656,6.291667,3973,50.33979360684621,1.0986122886681096,8.287528423111763,12.660523143753137,2008.492,1.9781009832252257,409206.0398,149360204.5,94726,1.0912858434334447,12.92197651672394,7.605637232791508
38101,2023,2,2,,Ward County,ND,38,101,245407.9544072149,250232.69015016968,251512.19138223687,,38,101,1.1625,1.7374999999999998,2.4770835,2.0471423609467454,17.658333,68228,2.931347833733951,1.0986122886681096,11.130624973392523,12.430146524556005,2013.028,33.89321956773577,1428028.315909985,521230335.3071445,71754,3.5522925286064733,14.171805951019671,7.607891975863097
38101,2024,1,1,-50,Ward County,ND,38,101,253227.7280348428,256022.21093637435,259100.97956852964,2.3136548556986325,38,101,0.9854165,1.4345835,2.070833,1.6401057049180328,5.270833,68186,1.4665767166280468,0.6931471805599453,11.13000920982627,12.453019481168353,2013.029,33.872338649865455,1458937.3795000005,532512143.5175001,73522,3.5516939261147193,14.193219591863182,7.607892472380401
38101,2025,1,1,0,Ward County,ND,38,101,265723.52926307137,266278.5355133237,268733.7283597782,4.006029218886087,38,101,1,1.404167,2.15,1.782490049382716,7.2625,68233,1.4655665147362713,0.6931471805599453,11.130698253329243,12.49229816589977,2013.029,33.89568654997022,1462834.4223617434,533934564.1620364,73522,3.5523632270132177,14.195887180415188,7.607892472380401
39013,2024,1,1,,Belmont County,OH,39,13,120809.56885067756,121327.27948971296,121944.95096906528,1.5589470579986608,39,13,2.26087,3.391304,5.565217,4.376697299168975,26.095238,64764,1.544067691927614,0.6931471805599453,11.078520612964356,11.706246962390452,532.127,121.70778780253588,2106439.89,768850559.9,58332,4.809805819976029,14.560510299243196,6.278759669704323
39013,2025,1,1,0,Belmont County,OH,39,13,124594.0528912438,125205.83400878496,126435.10079149377,3.1967703680365167,39,13,3,4.521739,7.478261,5.700632872928177,19.73913,64434,1.5519756650215724,0.6931471805599453,11.073412242722492,11.737714334076761,532.173,121.0771685147499,2115412.397,772125524.7541162,58332,4.804653373580651,14.564760810741836,6.278845949363009
39035,2023,37,37,,Cuyahoga County,OH,39,35,176391.06173358255,180120.30923918088,184456.5419387204,,39,35,4.818182,7,10.095238,8.020554515862068,27.26087,1234796,2.9964463765674654,3.6375861597263857,14.026417142063945,12.101380291264917,457.211,2700.713675,24487450.106721047,8937919288.953182,61912,7.901641545103532,17.013671344570195,6.127329776715082
39035,2024,37,37,0,Cuyahoga County,OH,39,35,191565.59632631505,195592.7496978356,197248.54537167127,8.590058791265399,39,35,4.75,7.2762685,10.708333,8.078487772463767,29,1233614,2.999317452622944,3.6375861597263857,14.02545944125035,12.183789968911375,457.212,2698.1225339667376,24491796.21,8939505616,66081,7.900682011752838,17.013848811576732,6.127331959113385
39035,2025,30,30,-18.91891892,Cuyahoga County,OH,39,35,202385.4229496124,204692.81046611053,207093.64831416056,4.652555262060254,39,35,5.25,7.583333,10.875,8.373129047863248,25.416667,1232925,2.4332380315104327,3.4339872044851463,14.024900764124835,12.229265648737076,457.232,2696.4976204640093,24596120.47650738,8977583973.925194,66081,7.9000798150054905,17.018099324915777,6.127375606079273
39049,2023,46,46,,Franklin County,OH,39,49,265003.1336446778,270605.91279418534,275987.0295505831,,39,49,4.458333,7.0425725,11.25000025,8.150110383008357,33.727273,1337095,3.440294070354013,3.8501476017100584,14.106010656049408,12.508418845160758,532.422,2511.3443847173858,27673431.24598881,10100802404.785915,71730,7.828971614,17.135983386209617,6.279312855741763
39049,2024,40,40,-13.04347826,Franklin County,OH,39,49,283454.59703133884,285524.2892,286496.5330046384,5.512952852844033,39,49,4.043478,6.586956499999999,10,7.560328771232877,29.347826,1352656,2.957145053879183,3.713572066704308,14.117581364296726,12.56208238046645,532.419,2540.5855162944977,27678342.8,10102595123,76578,7.840543384282513,17.13616085321699,6.279307231660948
39049,2025,71,71,77.49999999999999,Franklin County,OH,39,49,289414.2441172394,289680.9826406116,289875.4951791339,1.4558108064854025,39,49,4.875,7.304348,11.03409125,8.215085626373625,25.173913,1361536,5.214698693240576,4.276666119016055,14.124124766635617,12.576535536592743,532.417,2557.273715903136,27796240.35815247,10145627730.725653,76578,7.847087980285719,17.140411366575968,6.279303482256167
39061,2023,13,13,,Hamilton County,OH,39,61,233153.92384816523,240176.13955805305,244937.2085889228,,39,61,7.714286,11.833333,18.208333,13.473727619858156,39.428571,831699,1.5630654840272744,2.639057329615259,13.63122707785678,12.389127847965561,405.454,2051.2783201053635,18584872.53749088,6783478476.184171,68810,7.6267058306728694,16.73785855714317,6.0074707614530505
39061,2024,16,16,23.076923076923084,Hamilton County,OH,39,61,251880.3392610742,255113.32035964896,255630.47943455365,6.219260926202641,39,61,7.833333,11.845238,17.802083500000002,13.253530605191258,35.333333,837859,1.9096291858176613,2.833213344056216,13.638606301068261,12.449463118994236,405.454,2066.4711656562768,18588171.03,6784682427,73166,7.634081480322371,16.738036024147405,6.0074707614530505
39061,2025,11,11,-31.25,Hamilton County,OH,39,61,259732.34231387387,259947.05628299853,260185.9060011726,1.8947407044583864,39,61,7.782291499999999,12.1345235,17.993750249999998,13.29927639638158,33.958333,838418,1.3119947329375086,2.4849066497880004,13.639273254505872,12.468233259581552,405.454,2067.8498670626013,18667348.457289755,6813582186.910761,73166,7.634748112069026,16.742286537431447,6.0074707614530505
40109,2023,10,10,,Oklahoma County,OK,40,109,211166.5543299114,213693.0755200977,214994.29479133704,,40,109,3.208333,6,12.041667,8.036316594864479,27.9,811153,1.2328130451345185,2.3978952727983707,13.606213204096806,12.272296037975039,708.897,1144.246625391277,20586111.55277766,7513930716.763845,65979,7.043375286149349,16.840127258496505,6.565119889089094
40109,2024,13,13,30.000000000000004,Oklahoma County,OK,40,109,218502.9700150496,218698.64438503367,219004.4338520122,2.342410418659213,40,109,3.333333,6.833333,12.125,8.130110080620154,25.210526,818198,1.588857464819029,2.639057329615259,13.614860862281626,12.295450008131857,708.9,1154.1797150514883,20890646.55,7625085992,68006,7.052011208299042,16.85481213,6.565124115
40109,2025,24,24,84.61538461538463,Oklahoma County,OK,40,109,218196.67133558463,218604.55460924824,219446.4277064253,-0.043022569,40,109,3.15625025,6.0625,11.18750025,7.628343246,27.791667,822125,2.919264102174244,3.2188758248682006,13.619648946962956,12.295019689865473,708.9,1159.719283396812,21364463.374552947,7798029131.711825,68006,7.0567951638290705,16.87723955651679,6.565124115
40135,2024,1,1,,Sequoyah County,OK,40,135,173259.81180755497,175023.00782530688,177673.44641300317,1.2153215375826143,40,135,3.23437475,4.1354165,5.4114585,4.462915759562842,11.619048,40397,2.475431343911677,0.6931471805599453,10.606535557773336,12.072672717551264,673.577,59.973841149564194,1594344.595,581935777.2,52486,4.1104449385841795,14.281973924744596,6.514085827768236
40143,2023,13,13,,Tulsa County,OK,40,143,222614.4296,225552.99754509825,226820.19581475563,,40,143,4.458333,5.808333,7.8020835,6.445099429752066,19.5125,686287,1.8942512389131665,2.639057329615259,13.43905264367902,12.32631043268438,570.241,1203.503431005487,16801329.582921587,6132485297.766379,65619,7.093822670540273,16.636968642601605,6.347811187
40143,2024,14,14,7.692307692307687,Tulsa County,OK,40,143,233023.60450317827,234230.42642189347,235804.9782290364,3.8471795858355806,40,143,3.79062525,5.106249999999999,6.913542,5.574546607142857,14.2125,694682,2.015310603,2.708050201,13.451210905386878,12.364060638111676,570.242,1218.2231403509388,17049875.45,6223204539,70089,7.105969164698901,16.65165351527458,6.347812937733985
40143,2025,10,10,-28.57142857,Tulsa County,OK,40,143,239772.03939615976,239924.2787,240762.7356165832,2.430876460521758,40,143,3.483333,4.6625,6.366667,5.255016996336996,18.266667,698782,1.4310614755388662,2.3978952727983707,13.45709552952769,12.388078647125157,570.242,1225.4130702403545,17436580.46337985,6364351869.133645,70089,7.111848984904887,16.674080940223227,6.347812937733985
41051,2023,39,39,,Multnomah County,OR,41,51,493761.45844819606,495894.1069371442,496878.35616475815,,41,51,3.2614585,4.799818500000001,7.44583325,5.762899591216216,23.770833,793778,4.913212510298849,3.6888794541139363,13.584560363954706,13.114117688835622,431.019,1841.631111389521,15610725.381070564,5697914764.090755,83290,7.518949781,16.56346882446924,6.0684695687584345
41051,2024,64,64,64.1025641,Multnomah County,OR,41,51,496172.8173062565,496349.8190934029,497635.8135304335,0.09189707,41,51,3.33854175,5.155113500000001,7.70625025,5.893611515,17.216667,794472,8.055664642680926,4.174387269895637,13.585434280743943,13.115036237543949,431.019,1843.241249225672,15695724.86,5728939574,90423,7.519823225,16.56889899510214,6.0684695687584345
41051,2025,50,50,-21.875,Multnomah County,OR,41,51,493075.3895761304,495076.49515815167,499401.77956238174,-0.256537604,41,51,3.617391,5.3625,8.154167,6.360528061,21.234783,795391,6.2862164646067145,3.9318256327243257,13.58659035387261,13.112467565284454,431.012,1845.4033762401048,16039782.539566316,5854520626.941706,90423,7.520994904865025,16.590582665272077,6.068453365636093
41067,2023,18,18,,Washington County,OR,41,67,561759.6952862556,565438.9787,569942.1620592276,,41,67,6.47083325,8.5509965,10.728125,8.736981662087912,22.804167,603856,2.9808431149148142,2.9444389791664403,13.311092693919184,13.24535766190782,724.272,833.7420195727572,9609052.021,3507303987.6296864,103486,6.7271227185178155,16.078216235081964,6.586546756908895
41067,2024,29,29,61.11111111111112,Washington County,OR,41,67,570515.3352677942,571379.6423116094,572540.4923512947,1.0506285890780953,41,67,6.923596,8.6625,10.8787595,8.944910658469945,18.070833,608613,4.764932724079177,3.4011973816621555,13.318939519795283,13.255809140408056,724.272,840.309994,9661372.743,3526401051,107040,6.734960193720728,16.08364640549819,6.586546756908895
41067,2025,43,43,48.27586206896552,Washington County,OR,41,67,561742.9005623322,565540.4898159133,573875.7265373935,-1.021939191,41,67,6.3791665,8.6625,10.8708335,8.75829144,20.417391,611708,7.029497734213056,3.784189633918261,13.324011958217074,13.245537172003292,724.272,844.5832505,9873154.582141433,3603701422.481622,107040,6.7400266265310895,16.105330074814553,6.586546756908895
42001,2024,4,4,,Adams County,PA,42,1,299164.2099446836,302872.4599284584,304833.10847208515,4.752374250194391,42,1,1.14155125,1.5977275,2.404837,2.0757693410958904,20.871429,107155,3.732910270169381,1.6094379124341003,11.582040995600906,12.621067071549474,518.576,206.6331647,2353545.218,859044004.5699999,85854,5.335772891422773,14.671433777616489,6.253013094353239
42003,2023,103,103,,Allegheny County,PA,42,3,211632.3513540431,215844.6605182364,220563.80523283497,,42,3,4.031975,6.3125,9.345833,7.3027580246575345,27.591667,1228911,8.381404349053755,4.6443908991413725,14.021639783055349,12.282314263676206,729.957,1683.5388933868708,21585259.445998665,7878619697.789513,76488,7.429247151560097,16.887521252963257,6.594354634490195
42003,2024,102,102,-0.970873786,Allegheny County,PA,42,3,224922.36432255816,227912.7215,228837.5595330167,5.591086200861595,42,3,4.0958335,6.054167,8.7115215,6.8848796666666665,32.63,1227174,8.311779747615253,4.634728988229636,14.02022533781005,12.33671803421119,729.952,1681.1708167112358,21785567.62,7951732182,80878,7.427840391090632,16.89675831866653,6.594347794119146
42003,2025,48,48,-52.94117647,Allegheny County,PA,42,3,229800.3716689827,230935.51895852856,231602.7164918725,1.3262960444825556,42,3,4.220833,6.316667,9.458333,7.362086896030245,26.229167,1225035,3.918255396784582,3.8918202981106265,14.018480789284254,12.349893811829801,729.952,1678.2404870457235,21898773.198201448,7993052217.343529,80878,7.426096879129125,16.901941220535335,6.594347794119146
42007,2023,2,2,,Beaver County,PA,42,7,164309.43920397302,166920.23017305677,174544.65126152127,,42,7,5.031818,7.018182,10.147826,8.305910383561644,28.040909,165680,1.2071463061323031,1.0986122886681096,12.01781953178278,12.025271313646886,434.695,381.14079987117407,3405525.948724077,1243016971.2842882,66846,5.945789126745618,15.04091024,6.076942457271458
42007,2024,4,4,100,Beaver County,PA,42,7,183475.8280561251,184992.71686677088,187952.75771827367,10.827019993308904,42,7,4.2717535,6.108631,8.14523825,6.842239458689458,30.204545,165769,2.412996398602875,1.6094379124341003,12.018356564418912,12.128071734997786,434.695,381.3455411,3437128.7510000006,1254551994.1150002,73077,5.946324757594066,15.050147306355955,6.076942457271458
42007,2025,2,2,-50,Beaver County,PA,42,7,188745.38020849563,193574.4996923043,195199.8031027442,4.638984156178383,42,7,4.190909,5.7264285,8.5137985,7.000277646919431,24.522727,166032,1.2045870675532426,1.0986122886681096,12.01994184276226,12.173417728683868,434.695,381.9505630384522,3454989.297593221,1261071093.6215258,73077,5.947905903,15.05533020695803,6.076942457271458
42015,2025,1,1,-50,Bradford County,PA,42,15,188894.2579367529,189620.5167422964,191538.1957939884,3.374437416093756,42,15,1.2,1.943478,2.719565,2.0663880705128204,5.817391,59600,1.6778523489932884,0.6931471805599453,10.995427631436174,12.152780073614826,1147.376,51.94461100807408,1325656.5793904855,483864651.4775272,62009,3.9692462917607836,14.09741918062557,7.046104049386941
42017,2024,15,15,-16.66666667,Bucks County,PA,42,17,471319.4723945325,476871.37281082827,479929.7939158146,5.870112481387468,42,17,3.77,5.75,9.318182,7.339298905444125,30.44375,648416,2.313329714257513,2.772588722239781,13.382289286883676,13.07500207482853,604.447,1072.742523331243,12395635.08,4524406803.615999,112331,6.978905510136847,16.332855039472374,6.405967028195945
42017,2025,16,16,6.666666666666665,Bucks County,PA,42,17,489916.82290670974,494575.9057077415,500737.0143508698,3.712643263225712,42,17,3.2511365,5.081818,7.7,6.248496033175356,31.305882,647828,2.4697913643744944,2.833213344056216,13.381382051620724,13.11145591817954,604.436,1071.789238232005,12460047.218272826,4547917234.669581,112331,6.978017300440648,16.338037941161424,6.405948859636307
42021,2023,2,2,,Cambria County,PA,42,21,128404.13952241663,138302.29318140633,141365.78885588454,,42,21,2.875,4.254348,7.95326125,5.926150527624309,21.136364,130590,1.531510835439161,1.0986122886681096,11.779825580739312,11.837197098725841,687.963,189.82125492213973,2557738.2572736605,933574463.9,55592,5.251337151772779,14.754634323663423,6.535187568555743
42021,2024,3,3,50,Cambria County,PA,42,21,120841.64177445692,122232.04010114174,123552.87331830556,-11.61965772,42,21,2.845455,4.005,6.572727,5.251748512328767,32.847619,129905,2.309379931488395,1.3862943611198906,11.774566390968438,11.71367649,687.963,188.82556183980824,2581473.709,942237903.7,61223,5.246105554872651,14.763871386197874,6.535187568555743
42027,2023,1,1,,Centre County,PA,42,27,310318.79261485406,316135.4327268272,318578.91349962377,,42,27,2.0311595,2.86087,4.765217249999999,3.838442777456647,15.816667,158739,0.6299649109544598,0.6931471805599453,11.975022922644866,12.66392598533148,1107.259,143.3621221412515,3609902.236491574,1317614316.3194244,69999,4.97232488,15.09919152565386,7.010545594503535
42027,2024,4,4,300,Centre County,PA,42,27,322898.88676443207,323371.4447640694,325059.5360153384,2.288896241344407,42,27,2.20312475,3.0625,5.17916675,3.948240267241379,15.815,158505,2.523579697801331,1.6094379124341003,11.973547726472583,12.686556925269624,1107.259,143.1507894720205,3643401.622,1329841592,76524,4.970859900809064,15.10842858923607,7.010545594503535
42027,2025,5,5,25,Centre County,PA,42,27,333477.6634998779,334626.5969368424,337161.28317163687,3.480564643233963,42,27,1.916667,2.7,4.028571,3.506935834146341,15.6375,157393,3.176761355333465,1.791759469228055,11.96650749479796,12.720770553129062,1107.259,142.14650772764097,3662334.035983217,1336751923.133874,76524,4.963868635351611,15.113611489923297,7.010545594503535
42045,2023,18,18,,Delaware County,PA,42,45,309018.64995069406,318083.40178755275,325387.8461918295,,42,45,5.384773,8.0822135,12.23090875,9.400163545977012,26.056522,579086,3.1083466013683627,2.9444389791664403,13.269208004334727,12.670068897147788,183.811,3150.442574165855,8671049.326662991,3164933004.231992,84180,8.055615587,15.975500486363098,5.219333681245636
42045,2024,6,6,-66.66666667,Delaware County,PA,42,45,336131.3983205231,340608.62425430655,341998.38317857904,7.081546015971729,42,45,5.363636,7.877273,12.447619,9.321701808219178,30.881818,581416,1.0319633446619976,1.9459101490553132,13.273223506445522,12.738489367660291,183.808,3163.1702646239555,8751515.445999999,3194303137.7899995,90113,8.059646140531946,15.984737551431966,5.219317448313887
42045,2025,11,11,83.33333333333333,Delaware County,PA,42,45,346531.8491230049,347001.6731784082,349159.94522589154,1.8769486351374545,42,45,5.34318225,7.8545455,10.4929545,8.794749173076923,26.368182,580937,1.8934927539475024,2.4849066497880004,13.272399317575314,12.757084880757164,183.808,3160.564284470752,8796991.440851545,3210901875.910814,90113,8.058822210826897,15.989920452947361,5.219317448313887
42049,2023,11,11,,Erie County,PA,42,49,174561.8041721674,178864.00184620457,183247.1155348269,,42,49,3.336364,4.634783,6.565217,5.221933227397261,16.708696,267628,4.110182791038307,2.4849066497880004,12.49735697206707,12.094381029831942,798.901,334.9951996555268,5146819.850890275,1878589245.5749505,60721,5.817096873121645,15.453889771518595,6.684487970010264
42049,2024,3,3,-72.72727273,Erie County,PA,42,49,189907.21136128376,194096.6123209754,194879.0018264221,8.516308657718907,42,49,3.222727,4.227273,6.027273,5.034075892351275,24.76875,266435,1.1259781935556514,1.3862943611198906,12.492889343653577,12.176111315738307,798.901,333.5018982326972,5194581.615900001,1896022290,63912,5.812642554388346,15.463126835861388,6.684487970010264
42049,2025,2,2,-33.33333333,Erie County,PA,42,49,202062.6039815353,204419.0855675324,208305.8457001399,5.318214019,42,49,3.01136375,4.217045499999999,5.92840925,4.840790458,14.83,265832,0.7523548707454332,1.0986122886681096,12.490623571053746,12.227927506570706,798.904,332.74586183070807,5221574.514247518,1905874697.700344,63912,5.8103798106284765,15.468309736972309,6.684491720467351
42051,2024,2,2,0,Fayette County,PA,42,51,138008.2113757722,139408.5206248457,141228.87069243696,6.361143403,42,51,2.127273,3.055,3.8340905,3.290632391304348,8.475,123959,1.613436700844634,1.0986122886681096,11.727714211901684,11.845163899004765,790.758,156.75971662632563,2726803.63,995283325,60039,5.061073094619989,14.818641016430306,6.67425579
42069,2023,1,1,,Lackawanna County,PA,42,69,198722.8436554213,199674.0068454721,199930.2287546043,,42,69,6.16956525,8.684783,12.50652175,9.694043731,25.469565,216257,0.4624127773898648,0.6931471805599453,12.28422741832951,12.204441349918065,458.886,471.2651944055822,4651282.877473097,1697718250.2776804,57570,6.1575406803597055,15.352653842136595,6.130978632682225
42069,2024,6,6,500,Lackawanna County,PA,42,69,208165.4239057413,212665.1813,215887.8297369463,6.506192088924068,42,69,5.791304,8.844444,12.104348,9.447889636,25.43913,216418,2.7724126458982155,1.9459101490553132,12.284971622469923,12.267474289151666,458.886,471.6160440719481,4694446.129,1713472837.0849998,67341,6.158283312699523,15.361890906289062,6.130978632682225
42069,2025,3,3,-50,Lackawanna County,PA,42,69,227165.9575343636,228515.1984804569,230776.6893620845,7.453038199475115,42,69,4.8217395,7.347826,10.419565,8.356331289099526,27.965217,216502,1.3856684926698135,1.3862943611198906,12.28535968314161,12.339358001242097,458.888,471.7970398005614,4718840.145020487,1722376652.9324777,67341,6.158666205075168,15.367073807293961,6.1309829815766275
42095,2023,3,3,,Northampton County,PA,42,95,310401.2583,314971.90044059325,323602.8517921449,,42,95,4.89673875,6.7844865,10.41521725,8.127763964071855,24.356522,320993,0.93459982,1.3862943611198906,12.679177710348679,12.660238708878275,369.787,868.0483629765243,6079833.917554311,2219139379.907324,84051,6.767398777,15.620488101855694,5.915627773745931
42095,2024,4,4,33.33333333333333,Northampton County,PA,42,95,335720.10396796104,340610.37734425307,343395.2470971169,8.139925138653915,42,95,5.3489130000000005,7.2173915,10.120652,8.353561967213114,26.705,323085,1.238064286488076,1.6094379124341003,12.685673820635492,12.738494514580568,369.787,873.7056738068131,6136253.922,2239732682,89712,6.773887456979383,15.629725166472635,5.915627773745931
42095,2025,8,8,100,Northampton County,PA,42,95,348930.5436643115,351272.7473,353732.5092020922,3.130371430535273,42,95,3.221739,5.565217,8.8543475,6.851990872037915,31.956522,324411,2.466007626128584,2.1972245773362196,12.689769591907911,12.769318258529632,369.787,877.2915218761071,6168140.085429237,2251371131.181672,89712,6.777978567997178,15.634908067736276,5.915627773745931
42101,2023,57,57,,Philadelphia County,PA,42,101,213841.7599364789,215358.2617747106,215940.0437501224,,42,101,7.563496499999999,11.841667,16.9149455,12.836663341983318,39.12,1565822,3.640260514924429,4.060443010546419,14.26392212232495,12.280058254151797,134.356,11654.276697728425,15546864.052662354,5674605379.221759,60196,9.363514291876891,16.559369571934237,4.907908344593856
42101,2024,27,27,-52.63157895,Philadelphia County,PA,42,101,217857.6211377676,220296.3218876347,221209.3947556157,2.292951323172288,42,101,7.603261,11.3180125,15.69139475,12.479569133272058,44.382609,1572735,1.7167545708590448,3.332204510175204,14.268327335787188,12.302728836725658,134.325,11708.431044109437,15691136.77,5727264920,60500,9.368149868230278,16.568606637472072,4.907679292683041
42101,2025,21,21,-22.22222222,Philadelphia County,PA,42,101,225368.7740943889,226931.61210310305,228021.17538380128,3.011984112405086,42,101,7.5375,11.209524,15.713043,12.410915097966727,38.66087,1574281,1.3339422885749117,3.091042453358316,14.269309853284303,12.33240398280487,134.325,11719.94044295552,15772673.508246183,5757025830.509857,60500,9.369132302484736,16.573789539248708,4.907679292683041
42117,2024,4,4,,Tioga County,PA,42,117,195897.8623425867,198545.77725488384,198935.4144,3.654726937,42,117,6.66,6.66,6.66,6.66,6.66,40563,9.861203559894484,1.6094379124341003,10.610636252731886,12.198774968415245,1133.892,35.773248245864686,1288377.425,470257760.1,63734,3.6047706309780927,14.068894950723063,7.0342927712030345
42125,2023,1,1,,Washington County,PA,42,125,208958.3947774236,212479.1450581336,216720.76530659385,,42,125,4.091304,5.93913,9.445455,7.152708786301369,21.468182,210442,0.4751903137206452,0.6931471805599453,12.256970111588027,12.266599121627575,857.01,245.5537274944283,5875364.582651158,2144508072.6676729,76957,5.5075799311704445,15.586278842892728,6.754615754431698
42125,2024,3,3,200,Washington County,PA,42,125,219969.8306489284,222689.8719,223318.9271678221,4.805519532531899,42,125,3.9801135,5.606818,7.92499975,6.530622373655914,32.640909,210635,1.4242647233365775,1.3862943611198906,12.257886804244347,12.313535373540414,857.01,245.7789290673388,5929887.14,2164408806,76961,5.5084929118359565,15.595515907457038,6.754615754431698
42125,2025,5,5,66.66666666666667,Washington County,PA,42,125,223712.79110753984,225075.83566583585,226147.62932440013,1.071428964986998,42,125,2.134091,3.685714,6.115909500000001,4.9584022693032015,21.690909,210802,2.3718940048007133,1.791759469228055,12.258679327047128,12.324192671802555,857.01,245.9737926045204,5960700.9484462775,2175655846.1828914,76961,5.509282228182968,15.60069880869136,6.754615754431698
42133,2023,6,6,,York County,PA,42,133,258271.0385,265166.85872437694,270181.8620163565,,42,133,4.970652,7.593478,11.8576085,8.938921977,27.234783,466068,1.287365792116172,1.9459101490553132,13.052088970816227,12.488114562382155,904.366,515.3532972270076,8523099.156948691,3110931192.2862725,81213,6.246791215740498,15.958290700807991,6.808339281833747
42133,2024,11,11,83.33333333333333,York County,PA,42,133,276334.03938821226,278528.6263025177,280195.3941341329,5.039003607924264,42,133,4.29673925,6.95,11,8.240959497159091,31.869565,469986,2.340495248794645,2.4849066497880004,13.06046031372924,12.537276120508924,904.352,519.6936591061888,8602192.319500001,3139800196.6175003,81537,6.255161882461113,15.967527765858453,6.808323818354618
42133,2025,8,8,-27.27272727,York County,PA,42,133,289356.93761883554,292252.0339014465,294643.4095187663,4.927108492,42,133,4.15108675,5.765217,8.85326075,7.351603594339623,27.568182,473197,1.690627793498268,2.1972245773362196,13.067269184534748,12.585371838767571,904.352,523.2442677187644,8646892.378140975,3156115718.021456,81537,6.261957735470966,15.972710667363595,6.808323818354618
44007,2023,16,16,,Providence County,RI,44,7,372881.7573552418,383636.7689813777,392434.5097936736,,44,7,3.23768975,5.891287999999999,11.296117,7.643183828,26.142857,665393,2.404593976792662,2.833213344056216,13.408134625393307,12.857451469799795,409.482,1624.9627578257407,10785811.547576845,3936821214.865548,75307,7.393855386,16.193742175493803,6.017332078966412
44007,2024,17,17,6.25,Providence County,RI,44,7,407633.9236521713,416980.2925414322,424420.1857,8.691430607287032,44,7,5.866667,9.391667,12.879167,9.757376595194083,25.170833,674674,2.519735457420917,2.8903717578961645,13.421986372423756,12.940794239571657,409.484,1647.6199314258922,10934495.11,3991090716,73462,7.407693811716206,16.207433130839238,6.017336951275374
44007,2025,16,16,-5.882352941,Providence County,RI,44,7,432101.58927186165,432481.0589157228,434331.6315240121,3.7173858456992495,44,7,4.540625,7.766856000000001,12.1924105,8.870243990131579,28.504167,678179,2.359259133650556,2.833213344056216,13.427168018412832,12.977293809980553,409.484,1656.179484,11114193.350252807,4056680572.842275,73462,7.412872330208681,16.223733619645248,6.017336951275374
45019,2023,25,25,,Charleston County,SC,45,19,532163.3701,546058.1537780958,560047.3884818194,,45,19,1.166667,2.916667,5.9479165,4.111573722910217,22.8,426447,5.862393216507561,3.258096538021482,12.963245715854677,13.21048075780648,918.036,464.5209991765029,13377123.504688071,4882650079.211146,88111,6.143157206712546,16.40905667960438,6.823325295
45019,2024,16,16,-36,Charleston County,SC,45,19,585965.5499333318,595729.5942478341,600396.9229641308,9.096364576935413,45,19,3.708333,5.166667,7.583333,6.037450520325203,18.541667,433257,3.692958221102025,2.833213344056216,12.979088672496815,13.297542142167627,918.165,471.8727026188104,13520320.99,4934917160,92635,6.158826224614795,16.41970444375409,6.823465649221276
45019,2025,13,13,-18.75,Charleston County,SC,45,19,598609.8277087751,600420.0699607027,601770.8479856655,0.7873497906026872,45,19,3.34374975,4.8114035,7,5.80559137,23.291667,436200,2.9802842732691426,2.639057329615259,12.985858425273403,13.305384805832157,918.147,475.0873226182735,13764185.927219484,5023927863.435112,92635,6.1656012882850915,16.437580626686355,6.823446066038443
45045,2023,15,15,,Greenville County,SC,45,45,311549.26543589035,313585.6436440582,316425.2340027463,,45,45,4,5.541667,7.958333,6.903942474926254,29.2,560986,2.673863518875694,2.772588722239781,13.237453011330812,12.655827787214248,785.935,713.7816740570149,14086881.40287513,5141711712.049422,76281,6.5719771450956985,16.460754596289316,6.668145652884504
45045,2024,17,17,13.33333333333333,Greenville County,SC,45,45,321634.2932396647,323933.6127829617,324270.51150213013,3.299886123182727,45,45,3.9285715,5.863636,8.7708335,6.841972672176308,23.75,573870,2.9623433878753027,2.8903717578961645,13.260159911368225,12.688293874961817,785.937,730.1730291359231,14237676.6,5196751958,82531,6.594650133704615,16.471402360478915,6.668148194387244
45045,2025,19,19,11.764705882352944,Greenville County,SC,45,45,324884.40491645166,325699.5668374826,327468.7573652655,0.5451592501776403,45,45,3.29017875,4.625,6.90416675,5.606923831,25.4,583125,3.2583065380493035,2.995732273553991,13.276158565480452,12.693730661320188,785.944,741.9421739971297,14494480.423680965,5290485354.643552,82531,6.610618213959723,16.48927854347721,6.668157089595967
45079,2023,12,12,,Richland County,SC,45,79,222492.11780022315,226458.79188968072,228924.0312678327,,45,79,1.916667,2.75,3.958333,3.2436791460055097,14.708333,424872,2.8243800485793367,2.5649493574615367,12.959545579720494,12.330318273091285,757.308,561.0293302064682,12389504.465906003,4522169130.055692,61508,6.331554037511374,16.33236033883828,6.631089635565522
45079,2024,7,7,-41.66666667,Richland County,SC,45,79,233288.2430669305,234879.7420742052,235835.1656578835,3.7185353300951407,45,79,2,2.7847225,4.03125025,3.445826986338798,14.916667,430800,1.6248839368616528,2.0794415416798357,12.973401545524442,12.36682892629037,757.309,568.8563057,12522129.83,4570577386,66644,6.345384233784086,16.343008102924877,6.631090954290025
45079,2025,5,5,-28.57142857,Richland County,SC,45,79,238126.1406142412,238245.1724152488,238707.6335361992,1.4328312485886396,45,79,1.958333,2.791667,3.958333,3.459463304029304,17.52381,434956,1.1495415628247456,1.791759469228055,12.983002454610068,12.381055558625947,757.309,574.3441580649378,12747990.474565243,4653016523.216313,66644,6.354968397511371,16.360884285752686,6.631090954290025
46099,2023,6,6,,Minnehaha County,SD,46,99,295161.13267280825,298809.89376527385,300223.8503,,46,99,2.795833,4.045833,5.75,4.722821512328768,27.5875,206220,2.909514111143439,1.9459101490553132,12.236703688250362,12.607562843356856,806.841,255.58939121834413,4203533.697035956,1534289799.418124,73277,5.547477108,15.251436323843858,6.694365256978724
46099,2024,2,2,-66.66666667,Minnehaha County,SD,46,99,308670.9821801975,310607.2452057492,311797.70139083127,3.948112725391417,46,99,3.5125,6.266667,9.109091,6.389510350140056,23.8875,209416,0.9550368644229666,1.0986122886681096,12.252082758459503,12.646284515908082,806.847,259.5485885180214,4233291.063200001,1545151238.0680003,80546,5.562789364023418,15.258490513862796,6.694372684155258
46099,2025,4,4,100,Minnehaha County,SD,46,99,315735.43577929947,316108.3473065761,316471.0728,1.7710797754195706,46,99,2.441667,4.558333,11.745833,6.589574016574585,17.9875,212691,1.8806625574189784,1.6094379124341003,12.267600388821378,12.663840305025486,806.86,263.60335126292046,4287683.719,1565004557.264578,80546,5.578231916993396,15.271257452568072,6.694388776181845
47009,2023,1,1,,Blount County,TN,47,9,338572.9608840215,348103.75414977013,357135.8159476713,,47,9,0.654167,0.808333,0.9592135,0.7782475422740524,2.475,141407,0.70717857,0.6931471805599453,11.859404607930466,12.760255858429023,558.82,253.0457034465481,2748243.2135393503,1003108772.9418628,77206,5.537514185661136,14.826472797931515,6.327615303488531
47009,2024,2,2,100,Blount County,TN,47,9,365786.8441099462,372331.3367056452,374263.98450538696,6.959873964890151,47,9,0.68279,0.780888,0.951087,0.8612927182320441,2.685714,142272,1.4057579847053532,1.0986122886681096,11.86550302608909,12.827539426895202,558.844,254.5826742346701,2761764.507,1008044045,78132,5.543545935521505,14.831380709600626,6.327658173492396
47009,2025,2,2,0,Blount County,TN,47,9,377629.1405820685,378303.91831451794,378781.0516293924,1.6041039311162075,47,9,0.566667,0.658333,0.89255975,0.7832850357142858,2.952632,143820,1.3906271728549575,1.0986122886681096,11.876324749768177,12.843453168258513,558.844,257.35267802821534,2780053.460398354,1014719513.0453992,78132,5.554325620571534,14.837981075546287,6.327658173492396
47037,2023,48,48,,Davidson County,TN,47,37,432642.6841770727,434619.8751730359,435329.9113250937,,47,37,4.7613635,7.666667,13.447464,9.75055322,33.458333,720989,6.657521821,3.8918202981106265,13.488380546545383,12.982227077864252,503.477,1432.019734764448,21933780.359629765,8005829831.264864,80216,7.267539199376364,16.903538534149654,6.223522249061657
47037,2024,43,43,-10.41666667,Davidson County,TN,47,37,439083.5331740868,439550.08959246567,440222.3183,1.1343738979877394,47,37,4.286932,7.208333,11.958333,8.672069522099447,31,736623,5.837450093195569,3.784189633918261,13.509832864596445,12.993506959107004,503.481,1463.0601750612238,22041694.05,8045218330,80803,7.288968797,16.908446447377013,6.223530178033923
47037,2025,109,109,153.48837209302326,Davidson County,TN,47,37,432749.3696632146,435911.18930988346,439334.14715271146,-0.827869307,47,37,4.3125,7.708333,12.1079545,8.872309354906054,31.125,745904,14.613140565005684,4.700480365792417,13.522353525232223,12.985193807339295,503.521,1481.376149157632,22187658.533276714,8098495364.646001,80803,7.3014015854985095,16.91504681540625,6.223609464299007
47157,2023,15,15,,Shelby County,TN,47,157,220235.8295686118,220780.6050989701,221065.5858841355,,47,157,4.147147,7.250996499999999,11.70795475,8.198621321100918,27.191304,915501,1.6384471453335387,2.772588722239781,13.727227827692897,12.304924750301307,761.263,1202.6080342798743,22277016.85686286,8131111152.754945,62402,7.093079019941217,16.919066115629615,6.636291640494989
47157,2024,19,19,26.66666666666666,Shelby County,TN,47,157,218941.0351041725,219512.64930870404,220766.1524586384,-0.574305786,47,157,3.790909,6.8,10.734091,7.488210412698412,21.372727,915438,2.075509209799025,2.995732273553991,13.727159010620118,12.29916513766703,752.764,1216.1022578125414,22386619.267100003,8171116032.491501,65005,7.104228113954414,16.923974028860414,6.625079321666583
47157,2025,16,16,-15.78947368,Shelby County,TN,47,157,216370.3945814862,218092.85803133872,219624.40277020363,-0.646792466,47,157,4.49204575,8.334091,12.70090625,8.681900949438202,20.325,910226,1.757805204421759,2.833213344056216,13.721449297934868,12.292676205350654,752.775,1209.160771810966,22534867.90949454,8225226786.9655075,65005,7.098508499029709,16.93057439689425,6.625093915
48027,2023,5,5,,Bell County,TX,48,27,260713.2177992832,262436.8162,262840.45264563337,,48,27,0.779167,1.675,3.208333,2.2286909536231883,12.895833,393673,1.270089642926998,1.791759469228055,12.883278434619003,12.47776563,1053.831,373.5636928501819,10251135.904423175,3741664605.114459,69562,5.925761862862576,16.14289917,6.961135843504987
48027,2024,10,10,100,Bell County,TX,48,27,257388.8870818169,258224.41968191045,259118.7124519783,-1.605108824,48,27,2.0875,2.691667,3.972727,3.221358556164384,12.704167,397439,2.516109390371856,2.3978952727983707,12.892799258287196,12.461584329537274,1053.836,377.1355315248293,10475242.38,3823463468,69108,5.935252680363738,16.164525257679177,6.961140584
48027,2025,9,9,-10,Bell County,TX,48,27,250781.30945329487,252161.79759037629,253850.9708973404,-2.347811295,48,27,1.949342,2.63125,3.58256575,3.0154729508928573,9.745833,402248,2.2374256677472606,2.302585092994046,12.90482657883538,12.437826214395184,1053.836,381.69886016420014,10632015.177303197,3880685539.715666,69108,5.947248414021682,16.17938040094133,6.961140584
48029,2023,47,47,,Bexar County,TX,48,29,271311.82728582027,271760.2968162942,272274.2840435904,,48,29,2.183333,3.65,6.721053,5.063046337828247,28.533333,2102398,2.235542461512996,3.8712010109078907,14.558589631625436,12.51267569503395,1240.325,1695.0379940741336,44746651.38655809,16332527756.093704,69755,7.436050218267276,17.616527192882668,7.123934636494714
48029,2024,41,41,-12.76595745,Bexar County,TX,48,29,263921.7629390016,265976.1776674104,266610.2490785752,-2.128390062,48,29,2.145833,3.833333,6.570833,5.242548515570935,30.68125,2138942,1.9168355196167075,3.7376696182833684,14.57582233974314,12.491162026111997,1240.36,1724.4525782837245,45724885.83,16689583329,72578,7.453244659276435,17.638153277268213,7.123962831775229
48029,2025,31,31,-24.3902439,Bexar County,TX,48,29,255242.79193938847,256326.35422817068,259304.48901985184,-3.628078095,48,29,1.85625,3.2,5.881818,4.633015735813953,29.258333,2160088,1.435126717059675,3.4657359027997265,14.585659982515201,12.454206732770881,1240.419,1741.4180208461817,46409205.87835584,16939360145.59988,72578,7.463029094667787,17.65300842161552,7.124010359162895
48039,2023,1,1,,Brazoria County,TX,48,39,316160.6080465394,317360.67791624746,318190.9197816018,,48,39,0.7973685,2.665,5.20303,3.4992650434153405,25.116667,400433,0.2497296676347853,0.6931471805599453,12.900304237903036,12.667794191297121,1363.27,293.72978206811564,7505650.462476266,2739562418.803837,93071,5.686058943572441,15.831166823076774,7.218374766028519
48039,2024,3,3,200,Brazoria County,TX,48,39,319003.24362978415,321038.9556154574,321718.8602057515,1.1590212509505091,48,39,1.2,3.025,6.0375,4.061416073342736,18.966667,411416,0.7291889474400607,1.3862943611198906,12.92736258,12.679317751806481,1363.286,301.7826046772284,7669736.166999999,2799453701,100255,5.713015071687283,15.852792905090057,7.218386493843525
48039,2025,1,1,-66.66666667,Brazoria County,TX,48,39,320881.1162611826,321953.61064525123,322542.0747432826,0.2849046864236149,48,39,1.5,2.662879,4.58654925,3.644987023706897,23.279167,419080,0.2386179249785243,0.6931471805599453,12.945819497643305,12.682162747828901,1363.318,307.39710030968564,7784521.674144237,2841350411.0626464,100255,5.731388239276897,15.86764804783731,7.218409949060919
48113,2023,76,76,,Dallas County,TX,48,113,319073.1277639632,320517.0420371045,321962.3627,,48,113,3.56874975,6.424405,10.353063,7.501008414596273,29.388889,2637393,2.881633491861092,4.343805421853684,14.785301866385376,12.67769072721191,873.2,3020.376775080165,68391957.74,24963064576.36695,74352,8.013467892272695,18.040765813451845,6.773309182429214
48113,2024,50,50,-34.21052632,Dallas County,TX,48,113,322850.35310982633,323827.87996526575,325106.70354092773,1.032967828206144,48,113,4.486458,7.2327655,11.876087,8.560102733812949,33.770833,2664013,1.8768677179878623,3.9318256327243257,14.795344565883862,12.687967418944227,873.16,3051.0021072884697,69887116.97,25508797696,78910,8.023553083,18.062391898002687,6.773263425
48113,2025,72,72,43.99999999999999,Dallas County,TX,48,113,307290.60145347705,310284.1471405253,316468.79734213266,-4.182386281,48,113,4.025718,6.6227745,10.73695625,8.247364937869822,34.85,2661397,2.705346102065945,4.290459441148391,14.794362106607316,12.645243760315813,873.188,3047.908354214671,70933049.71406282,25890563145.63293,78910,8.022538888883078,18.07724704246149,6.773295455499036
48121,2023,29,29,,Denton County,TX,48,121,458989.5288813405,461974.8513314629,463427.25287726114,,48,121,1.91079525,3.833333,6.55298275,4.793658433333333,18.266667,1013965,2.8600592722628493,3.4011973816621555,13.829379931999112,13.04326573423479,878.698,1153.9402616143432,18995486.418738283,6933352542.839474,107401,7.051803900072265,16.759712004645174,6.779578666753714
48121,2024,37,37,27.586206896551737,Denton County,TX,48,121,464707.7412,465108.8508728569,465707.2174,0.6783918069049655,48,121,2.49125025,4.470454500000001,6.698864,4.976905444767442,18.7,1046226,3.536520789963163,3.6375861597263857,13.86070091727059,13.050026745073813,878.75,1190.5843527738264,19410758.59,7084926885.715001,117499,7.083039089478848,16.78133808838257,6.779637776201694
48121,2025,16,16,-56.75675676,Denton County,TX,48,121,444025.3462891807,449415.8363821114,458992.21302250354,-3.374052001,48,121,2.68125,4.508333,7.21875,5.416992652173914,20.9,1069346,1.4962416280605155,2.833213344056216,13.88255873976739,13.015703877057996,878.762,1216.8778349541742,19701260.600509647,7190960119.186021,117499,7.104865143530273,16.796193232292712,6.779651416347371
48139,2023,3,3,,Ellis County,TX,48,139,373854.6338104587,374442.4134036134,375216.86854806665,,48,139,0.095,1.65,3.884853,2.252681427312776,17.066667,223347,1.3432013861838306,1.3862943611198906,12.316486372184542,12.833193300832962,935.704,238.69407419440336,7619827.541169685,2781237052.526935,90077,5.4793634193758995,15.84626442625084,6.842367330516632
48139,2024,2,2,-33.33333333,Ellis County,TX,48,139,374752.1790236592,374949.6347346492,376487.9087094749,0.1354604374075085,48,139,0.272159,1.542105,3.775,2.252278135693216,15.391667,232454,0.8603852805286208,1.0986122886681096,12.356451936889545,12.834546988558236,935.774,248.40826951806736,7786409.342,2842039410,99726,5.519091190346864,15.867890508306834,6.842442057841994
48139,2025,4,4,100,Ellis County,TX,48,139,369293.5477026239,370833.3790493515,374469.13854988856,-1.097815627,48,139,0.7691285000000001,1.924621,3.8642995,2.727793137254902,19,240867,1.6606675053037567,1.6094379124341003,12.392004344578258,12.823508127633565,935.801,257.3912616036956,7902940.983466319,2884573458.965206,99726,5.554474954013469,15.882745651082894,6.842470879746644
48141,2023,11,11,,El Paso County,TX,48,141,207920.9967250181,212783.9042248684,215706.7110517556,,48,141,8.729514,12.9779605,19.3139205,14.331584360248446,41,873242,1.259673721602946,2.4849066497880004,13.679969146604886,12.268032395547893,1013.491,861.6179127,16743561.677577026,6111400012.315615,58656,6.759971849938315,16.633524424609757,6.922142287861314
48141,2024,7,7,-36.36363636,El Paso County,TX,48,141,221429.2770879908,223245.0820667924,223761.9755368083,4.916338893222294,48,141,8.068750000000001,12.8875,19.2229165,14.133299003454232,37.733333,879894,0.795550373,2.0794415416798357,13.687557861153591,12.316025469679948,1013.525,868.1522409412694,17109603.12,6245005138.434999,59883,6.767518301,16.655150508195675,6.922175801643367
48141,2025,17,17,142.85714285714283,El Paso County,TX,48,141,225185.3755846177,225254.3938438514,225301.3963778005,0.9000474986758489,48,141,5.924123,10.40625,16.065625,11.883958763157894,41.683333,877858,1.9365318764538229,2.8903717578961645,13.68524126746581,12.324985681801317,1013.525,866.1434103746824,17365665.965007808,6338468077,59883,6.765204372991895,16.67000565200365,6.922175801643367
48167,2023,2,2,,Galveston County,TX,48,167,323632.63525905105,325405.13658665767,326330.6297,,48,167,0.6781250000000001,2.139583,3.87083325,2.695405201986755,14.7375,362263,0.5520850873536629,1.0986122886681096,12.800128506779135,12.692826259096258,379.411,954.8036298367732,6448478.049736821,2353694488,83080,6.862552483831734,15.679354854722938,5.941252247182697
48167,2024,12,12,500,Galveston County,TX,48,167,325212.23498331045,326356.8176670037,326807.28246333264,0.2924603742672005,48,167,0.827083,2.241667,4.39375,2.903871770392749,13.729167,367367,3.2664882801122586,2.5649493574615367,12.814119349439652,12.695746594505502,379.413,968.2509560821584,6589452.249,2405150071,86354,6.8765235629649535,15.700980936268927,5.941257504640401
48167,2025,11,11,-8.333333333,Galveston County,TX,48,167,315491.91350064095,319478.0316027452,322912.0872965905,-2.107750074,48,167,0.635417,1.66,3.641288,2.4634295925925924,11.825,372207,2.955344740964033,2.4849066497880004,12.827208116779826,12.674443791758886,379.413,981.0075036964996,6688070.193833434,2441145620.749203,86354,6.8895989495640695,15.715836078700997,5.941257504640401
48183,2023,1,1,,Gregg County,TX,48,183,201613.04308208023,203599.81183544028,204171.5379119547,,48,183,1.294737,2.2,3.3875,2.4667677808219177,8.181818,126439,0.7908952142930583,0.6931471805599453,11.747523166329554,12.223911639470654,273.38,462.50274343404783,3462286.1477920967,1263734443.9441154,61254,6.138812303939952,15.057439954026306,5.614514006898019
48183,2024,1,1,0,Gregg County,TX,48,183,207827.5316605656,208920.0165681233,209242.92843227123,2.613069572472426,48,183,0.684211,1.6875,2.9,1.8696199479452056,10.170833,126387,0.7912206160443717,0.6931471805599453,11.747111819479258,12.249706761853904,273.38,462.3125320067306,3537977.344,1291361731,62490,6.138401841499317,15.079066032710834,5.614514006898019
48201,2023,76,76,,Harris County,TX,48,201,284302.8826523257,285597.43894800707,286148.96184778825,,48,201,4.208333,7.7875,12.604545,9.169109620625388,42.591667,4896507,1.552126852876959,4.343805421853684,15.404032855961727,12.562338542138477,1707.017,2868.4582520267813,110949941.82168812,40496728764.91616,72348,7.961878528575804,18.524589691990677,7.4430883274605755
48201,2024,104,104,36.84210526,Harris County,TX,48,201,287115.81179855904,287821.0958446077,288492.95345210494,0.7785983322509571,48,201,3.9870835,7.381818,12.1958335,8.757021112,44.165217,4996331,2.081527424824336,4.653960350157523,15.424214601182221,12.570094371112537,1707.288,2926.472276499337,113375487.7,41382053002,74682,7.9818946254011856,18.54621577666151,7.4432469784010316
48201,2025,87,87,-16.34615385,Harris County,TX,48,201,280265.87268254184,282116.9124398189,284855.4252316976,-1.981850353,48,201,3.505492,6.5,10.795833,7.9396225946185695,37.623077,5045026,1.724470795591539,4.477336814478207,15.433913563589023,12.55007684712434,1707.103,2955.3143542012403,115072268.70927638,42001378078.88588,74682,7.991698620866304,18.561070921201242,7.443138676979924
48203,2025,1,1,,Harrison County,TX,48,203,198312.57866214297,201106.2696994404,204175.7462,1.1143030744823037,48,203,0.4327655,1.016667,1.7869565,1.331493855967078,8.241667,71956,1.389738173328145,0.6931471805599453,11.183823997367742,12.211588752298322,900.064,79.94542610303267,3032222.343818179,1106761155.4936352,63802,4.393775175785274,14.924806685240634,6.803576287272131
48231,2023,3,3,,Hunt County,TX,48,231,285337.5366,287305.41314710537,288065.87201184634,,48,231,2.5275570000000003,3.4166665,5.11041675,3.985437988636364,11.825,113819,2.6357638004199653,1.3862943611198906,11.642373532157116,12.568301086234733,840.421,135.43093283009347,3554861.2057300834,1297524340.0914805,70427,4.9158184999778785,15.08382685977349,6.735092129247627
48231,2024,5,5,66.66666666666667,Hunt County,TX,48,231,282825.93790524115,284076.13003152295,285199.3438928561,-1.123989653,48,231,2.1927085,3.1583335000000003,4.58541675,3.486857773480663,11.855556,119210,4.194279003439309,1.791759469228055,11.68865031123487,12.556997544712022,840.422,141.84540623639077,3632576.243,1325890328.6950002,82770,4.961762970206542,15.105452938618935,6.735093317712623
48231,2025,1,1,-80,Hunt County,TX,48,231,272694.9953591854,277707.7511862239,281401.56881449954,-2.241785976,48,231,2.0604165,2.766667,3.97187475,3.313385195238096,13.520833,123336,0.8107932801452942,0.6931471805599453,11.722675725240107,12.534324584991145,840.424,146.75449534996622,3686941.491,1345733644.0950427,82770,4.995552081203847,15.120308079229526,6.735095694638379
48245,2023,6,6,,Jefferson County,TX,48,245,162136.37878310506,165185.40838424215,166162.2088710265,,48,245,2.418311,3.975,6.177083,4.555455473429952,17.542105,253557,2.3663318307126207,1.9459101490553132,12.44334787268755,12.014823809196058,876.735,289.2059744392547,6722285.867317854,2453634341.571017,59298,5.670590927554693,15.720938962244407,6.777344726
48245,2025,1,1,-83.33333333,Jefferson County,TX,48,245,163373.63360660578,163894.12525816288,164252.63602806028,1.3881928900532747,48,245,1.93428025,3.35,5.0270835,3.736373327536232,16.141667,254321,0.3932038644075794,0.6931471805599453,12.446356459661972,12.006975920637197,876.736,290.0770585444193,6972051.295959855,2544798723.0253468,59997,5.673588038111141,15.757420186448744,6.777345865
48255,2024,1,1,,Karnes County,TX,48,255,196321.2742607032,197739.10406423075,199508.4989727249,-9.956906558,48,255,1.68124975,2.8875,4.416193499999999,3.389168426229508,16.856522,15020,6.657789613848202,0.6931471805599453,9.617204500998055,12.194703784563094,747.752,20.08687372283859,725153.177,264680909.6,68534,3.0486507484548255,13.494139569159353,6.618407820544623
48257,2024,1,1,,Kaufman County,TX,48,257,312895.5558518199,316050.3993063368,319728.37771243777,-2.704825819,48,257,2.3157895,3.5267855,5.27812525,4.133431197740113,18.254167,198010,0.5050249987374374,0.6931471805599453,12.196077863689075,12.663656971327386,780.708,253.6287574867941,5516888.998000001,2013664484,90670,5.539806631381805,15.523324853320968,6.661481269279072
48257,2025,1,1,0,Kaufman County,TX,48,257,300989.86330036214,304984.71688965376,308788.4052196302,-3.501239815,48,257,1.79583325,2.4367425,3.63125,3.127608490566037,15.9625,209235,0.477931512,0.6931471805599453,12.251218080498148,12.62801694577556,780.714,268.0046726458088,5599454.928262187,2043801048.8156984,90670,5.594728749881491,15.538179995317993,6.661488945
48339,2023,8,8,,Montgomery County,TX,48,339,339224.86941747466,340940.2656942404,341942.9789851902,,48,339,1.662719,2.670833,4.06875,3.093097338028169,12.258333,715961,1.117379299,2.1972245773362196,13.481382371908683,12.739462567003727,1042.11,687.0301599639195,15874251.028686509,5794101625.470575,92578,6.533832674129383,16.580208985329808,6.949961914444524
48339,2024,7,7,-12.5,Montgomery County,TX,48,339,342518.7708977615,342608.93568203377,342807.84394906845,0.4894317731569675,48,339,2.529167,3.541667,5.222222,4.162209682,16.258333,751183,0.9318634740136558,2.0794415416798357,13.529405907394832,12.744344946499435,1042.179,720.7811709888608,16221287.93,5920770093.719999,96049,6.581722006,16.601835068845755,6.950028060601672
48339,2025,6,6,-14.28571429,Montgomery County,TX,48,339,341142.3683,342048.9176917698,343176.83099956496,-0.163456913,48,339,2.5463067500000003,3.451488,4.7,3.913176185950413,17.966667,781194,0.7680550541862841,1.9459101490553132,13.568580077554552,12.74270904000279,1042.178,749.5782870104722,16464056.221563932,6009380520.870835,96049,6.620843958771816,16.61669021260653,6.9500271019929585
48349,2024,1,1,,Navarro County,TX,48,349,216888.4888235759,220592.9729878833,221301.83751414064,3.608191633954716,48,349,-0.04583325,1.3854165,3.11250025,1.849154989071038,12.8375,56497,1.7700054870170097,0.6931471805599453,10.941960518277911,12.30407453120481,1009.702,55.954133,2506930.5840000003,915029663.2,66263,4.042246259691898,14.73457008678002,6.9184004179052145
48349,2025,1,1,0,Navarro County,TX,48,349,219376.14418834465,221738.2152449329,222526.2898065009,0.5191653394654772,48,349,0.78190825,1.4785715,2.7343135,1.8540272028301887,13.819048,57181,1.7488326542033192,0.6931471805599453,10.95399444252939,12.309252754430114,1009.702,56.631560599067846,2544449.384150905,928724025.2150804,66263,4.054070344711771,14.749425225567975,6.9184004179052145
48361,2023,1,1,,Orange County,TX,48,361,177189.16950661648,181870.3561446177,183758.90084322408,,48,361,2.4791665,3.525,4.96875,3.833696188034188,14.514286,85705,1.1667930692491688,0.6931471805599453,11.35867811380378,12.111049383356447,333.786,256.7663113491878,3066160.607218352,1119148621.6346984,66029,5.552053404499743,14.935937046489364,5.813491521731448
48361,2024,1,1,0,Orange County,TX,48,361,174069.36156806303,175089.41866480885,176044.72315210206,-3.728445704,48,361,2.05178575,3.0508930000000003,4.2822915,3.418650054644809,12.5,85969,1.1632099943002712,0.6931471805599453,11.36175367716849,12.073052086207008,333.795,257.5502928444105,3133191.8560000006,1143615027.4400003,72841,5.5550902314828985,14.957563124375596,5.813518404214675
48423,2023,2,2,,Smith County,TX,48,423,260161.5103390732,265715.3424354915,267482.2746543011,,48,423,0.716667,1.48114,2.39270825,1.615115892857143,8.022222,245945,0.8131899408404318,1.0986122886681096,12.41286727862305,12.490180873533927,921.473,266.90418492999794,6756237.461,2466026673.393444,71348,5.590629397667813,15.72597685252019,6.8270581071936745
48423,2024,6,6,200,Smith County,TX,48,423,266564.5041327568,267240.8675518229,268242.5260724039,0.5741200723860196,48,423,0.13124975,0.825,1.75104175,1.026031644117647,6.1,249529,2.404530134773914,1.9459101490553132,12.427334427426365,12.49590565637385,921.485,270.79008339799344,6903939.781,2519938020,75620,5.605030016128691,15.747602934217305,6.827071115619883
48423,2025,1,1,-83.33333333,Smith County,TX,48,423,266028.48959217325,268660.4880711638,270279.1032611211,0.5312138567525215,48,423,0.615789,1.191667,2.041667,1.3599292760180997,4.610526,252549,0.3959627636617052,0.6931471805599453,12.439364527896199,12.501203735302482,921.495,274.0644279133365,7007264.355900642,2557651489.9037347,75620,5.617005353547743,15.762458076751306,6.827081955845793
48439,2023,27,27,,Tarrant County,TX,48,439,330805.8309749756,332046.52760045853,332374.8510282271,,48,439,4.327273,6.954167,11.2,8.353401966461975,29.025,2194974,1.2300829075879711,3.332204510175204,14.601681214904907,12.713030381454335,865.249,2536.8119466188346,51010863.64,18618965228.513275,80083,7.839057550422313,17.747549200152676,6.764172396102293
48439,2024,39,39,44.44444444444444,Tarrant County,TX,48,439,332057.94645745814,332249.62286039616,332747.6660478067,0.061164699,48,439,3.820833,6.395833,10.74374975,7.822235370314083,30.120833,2230038,1.7488491227503749,3.6888794541139363,14.617529632072612,12.713641841466936,865.364,2576.994189728253,52126043.94,19026006036,85208,7.854766929706155,17.769175284596937,6.7643051435769666
48439,2025,38,38,-2.564102564,Tarrant County,TX,48,439,320323.34935862647,322406.49609104183,326753.0397,-2.962569734,48,439,3.36125,5.6625,9.4717105,7.119070510154346,31.5,2248466,1.690041121368969,3.6635616461296463,14.625759208634232,12.683568438577382,865.4,2598.181187889993,52906163.91,19310749827.22829,85208,7.862951746674803,17.784030428983847,6.764346695686781
48453,2023,63,63,,Travis County,TX,48,453,539135.3465856586,543489.3108858708,549664.6158603919,,48,453,3.141667,7.3625,13.1625,8.829898773553719,27.722727,1353278,4.655362756211215,4.1588830833596715,14.11804109432061,13.205765318166689,994.294,1361.0441177358005,29230505.65861385,10669134565.394054,97544,7.216741878061358,17.190723470451193,6.903038170900682
48453,2024,97,97,53.968253968253975,Travis County,TX,48,453,513499.5771368285,518425.3304190426,523296.4831596148,-4.611678641,48,453,3.898958,6.7604165,11.37604175,8.173858946575342,27.429167,1374921,7.054950793536501,4.584967478670572,14.13390756020103,13.158551285517515,994.313,1382.7848977132955,29869531.97,10902379168,97487,7.232577703371175,17.212349554582946,6.9030572605552445
48453,2025,107,107,10.309278350515472,Travis County,TX,48,453,477433.4617983124,482967.2345,494986.4063387997,-6.839576288,48,453,3.30520825,5.8041665,10.0385415,7.235140929752067,27.329167,1389670,7.699669705757482,4.682131227,14.14457758644374,13.087704092859525,994.329,1397.5957655866418,30316560.301237825,11065544509.951809,97487,7.243223987656605,17.227204698759078,6.903073335771181
49003,2023,2,2,,Box Elder County,UT,49,3,418365.3387332579,421146.0779824444,424194.4795,,49,3,0.015789,0.168421,0.738095,0.6338282796352583,8.92381,62817,3.1838515051657987,1.0986122886681096,11.047996935591241,12.950735031061999,5781.304,10.865541753210003,3210819.255650229,1171949028.3123336,83493,2.4736385486186343,14.982036993818834,8.662557498
49003,2024,1,1,-50,Box Elder County,UT,49,3,428502.0801543488,429568.3823494828,430451.83954447455,1.9998534492797533,49,3,0.190476,1.990476,5.433877,3.704114145560408,24.283333,63985,1.5628662967883096,0.6931471805599453,11.066419588412538,12.97053622158538,5781.304,11.067572298567937,3269730.833,1193451754,96063,2.4905218797148363,15.000218531253694,8.662557498
49003,2025,1,1,0,Box Elder County,UT,49,3,439273.4781,440300.2733,441128.67244020005,2.498296294674951,49,3,0.333208,2.271968,5.70729175,3.62556302,22.2875,65320,1.5309246785058177,0.6931471805599453,11.087068856214001,12.995212212456803,5781.304,11.298489060599476,3345188.991,1220993981.8485827,96063,2.5094764142311785,15.023034048546128,8.662557498
49005,2024,6,6,,Cache County,UT,49,5,442893.3388560528,443990.6365948495,444986.0882622872,-0.663082618,49,5,1.9375,3.204348,6.047826,4.886572205,21.191667,144667,4.147455881438061,1.9459101490553132,11.882196740961822,13.003558752441652,1164.687,124.21105412870584,2083363.954,760427843.2,81598,4.830000746531336,14.549494910897291,7.061065891766149
49005,2025,4,4,-33.33333333,Cache County,UT,49,5,448623.97230782174,449117.6166765498,451590.9416928815,1.1547495958521117,49,5,2.28645825,3.021377,4.6364585,3.952534463815789,14.183333,145000,2.758620689655172,1.6094379124341003,11.884495917930655,13.015040084929844,1164.687,124.49696785488293,2131443.3879163344,777976836.6,81598,4.832281597761107,14.572310424261222,7.061065891766149
49007,2024,1,1,,Carbon County,UT,49,7,246803.1638751891,247986.95358561893,248960.6977295185,2.9916413825274324,49,7,1.0659420000000002,1.608696,2.2233695,1.7891874591549295,6.878261,20600,4.854368932038836,0.6931471805599453,9.933094897288786,12.421131417253747,1479.343,13.925100534494028,866730.5131,316356637.3,66816,2.7030443952354783,13.672484534332206,7.300029096663469
49011,2023,11,11,,Davis County,UT,49,11,509993.7953971128,513351.66522394953,517041.4946998936,,49,11,5.358333,7.570833,13.866667,10.626201183448275,47.113636,374645,2.9361128535013146,2.4849066497880004,12.833736859103938,13.148716396559289,324.716,1153.762056689538,7884950.356100237,2878006879.9765863,111081,7.051649590208395,15.880466609190968,5.786025836037218
49011,2024,6,6,-45.45454545,Davis County,UT,49,11,524308.7114376498,526302.3636,527948.2443,2.522773234346798,49,11,4.2979165,6.833333,11.7413045,9.317038006839946,33.454167,378462,1.5853639202879022,1.9459101490553132,12.843873592788116,13.173631162306515,324.753,1165.384153495118,8029622.113,2930812071,106675,7.061663775338304,15.898648149952228,5.786139425479048
49011,2025,7,7,16.666666666666675,Davis County,UT,49,11,536775.9919226523,538612.4190157594,540131.8946723106,2.338970187879874,49,11,4.11979175,6.070199000000001,9.15625,7.6800214078947375,32.108333,381227,1.836176346376306,2.0794415416798357,12.851152900320733,13.196751517051027,324.76,1173.8730139179702,8214928.038156479,2998448733.9271145,106675,7.068915347476621,15.92146367133421,5.786160913922103
49013,2025,2,2,,Duchesne County,UT,49,13,342650.5722575913,343798.9912208127,346574.23118707846,4.343941491997216,49,13,2.875877,3.758333,4.8719655,4.410786816037736,22.3625,20856,9.589566551591869,1.0986122886681096,9.945444902296636,12.747812437723011,3235.523,6.445943978763248,1061345.142071823,387390976.8562153,78877,2.0076694517535745,13.875048605740485,8.082254884402458
49019,2023,1,1,,Grand County,UT,49,19,583160.6191212817,587217.0035861648,588975.4416215643,,49,19,2.270833,2.983333,4.769565,3.659622517241379,11.229412,9779,10.22599447796298,0.6931471805599453,9.188094763028863,13.283149712924102,3672.858,2.6625042405668826,1204093.1335735072,439493993.7543301,67360,1.2981471321764766,14.001238085825843,8.208997615
49019,2024,2,2,100,Grand County,UT,49,19,579313.5619274945,582522.0612352972,585081.6199680169,-0.799524251,49,19,2.59778075,3.4354165,4.968840500000001,4.022400524590164,10.804167,9700,20.61855670103093,1.0986122886681096,9.179984251961283,13.275122337070131,3672.858,2.6409951051742264,1226185.634,447557756.4,73626,1.2922570248293679,14.019419613908793,8.208997615
49019,2025,2,2,0,Grand County,UT,49,19,579083.4016276181,580894.0935636105,583212.1852473004,-0.279468844,49,19,2.275,3.197917,4.4767665,3.598839217105263,9.895652,9790,20.42900919305414,1.0986122886681096,9.189218875354072,13.272323736195434,3672.858,2.6654991834696578,1254483.287379489,457886399.8935135,73626,1.2989645289205076,14.04223511970379,8.208997615
49021,2024,1,1,,Iron County,UT,49,21,383060.8518557593,384998.41954848845,386722.99648164585,0.7929550887304293,49,21,3.404348,4.885054500000001,7.07812525,5.5619686284153005,16.5125,65559,1.5253435836422156,0.6931471805599453,11.090721032857767,12.860994508192634,3296.167,19.889465551957773,2595637.018,947407511.6,73868,3.0392449913234296,14.76934290879402,8.100818893896934
49021,2025,6,6,500,Iron County,UT,49,21,391244.8216575105,394462.4565,395576.0465966809,2.458201503070745,49,21,3.659783,5.1854165000000005,6.65475575,5.40205974,14.558333,67141,8.936417390268241,1.9459101490553132,11.114565058591996,12.88527924743899,3296.167,20.369416962186687,2655538.581718068,969271582.3270948,73868,3.061960785954034,14.792158424294819,8.100818893896934
49035,2023,50,50,,Salt Lake County,UT,49,35,532907.9847029232,535676.9060614947,538615.1718369162,,49,35,5.216938,8.813043,14.94375,11.315082096675816,47.745833,1205509,4.147625608767749,3.9318256327243257,14.002413271882105,13.191286471104991,752.852,1601.256289416778,26179402.253693502,9555481823,94013,7.379168095742073,17.080483524209676,6.625196062269096
49035,2024,45,45,-10,Salt Lake County,UT,49,35,542756.2773974458,544997.7285681672,546149.4123752189,1.7400082776020342,49,35,4.441667,8.047826,13.4766305,10.032804000822594,41.291304,1217454,3.6962382151604896,3.828641396489095,14.01227317227018,13.208536905871865,752.852,1617.1226217105088,26659737.57,9730804213,99008,7.389021880723654,17.098665066567733,6.625196062269096
49035,2025,46,46,2.2222222222222143,Salt Lake County,UT,49,35,554226.9003,556233.2320357726,557739.0493651819,2.0615688614195937,49,35,3.81068875,6.59375,11.211458,8.460705654121863,35.6125,1220916,3.7676629678045006,3.8501476017100584,14.01511277371432,13.228942967353436,752.852,1621.721135096938,27274985.368761364,9955369659.597898,99008,7.391859732109058,17.12148058991285,6.625196062269096
49045,2025,7,7,,Tooele County,UT,49,45,473063.7623,474345.2517320784,475329.6632685813,0.931154011,49,45,1.09062525,1.590278,2.6336955,2.053392897350993,7.766667,87461,8.003567304284195,2.0794415416798357,11.378959692302068,13.069690714719437,7040.271,12.42295928665246,2314435.2968552066,844768883.3521504,111901,2.5969666203974544,14.654676715572936,8.859543972629472
49047,2025,1,1,,Uintah County,UT,49,47,331508.1195833338,332513.0954694768,335339.92001418135,4.403226289633655,49,47,1.1294840000000002,1.7591665,2.4989582500000003,2.160614814420804,13.579167,38278,2.612466691049689,0.6931471805599453,10.552656721923686,12.71443452317309,4482.881,8.538705354882273,1074916.308843409,392344452.7278442,79128,2.255357769215761,13.88775429457912,8.408244245035252
49049,2023,12,12,,Utah County,UT,49,49,509944.35575790936,512827.6267254255,515833.0553992299,,49,49,4.294792,5.8729165000000005,9.091667,7.786603406849315,33.030435,726088,1.652692235651877,2.5649493574615367,13.495427875825131,13.147695057406981,2004.46,362.23621324446486,12686364.984953951,4630523219.508193,100617,5.895053348,16.356038430275365,7.6036287398603655
49049,2024,14,14,16.666666666666675,Utah County,UT,49,49,517415.27461801615,518505.43057741656,519353.4911106846,1.1071563925379335,49,49,3.910417,5.55,8.341666499999999,7.115418773296245,28.669565,745668,1.8775111711914685,2.708050201,13.522037080990142,13.158705780227375,2004.46,372.0044301208305,12919132.298400002,4715483289,100611,5.921590297,16.37421997190144,7.6036287398603655
49049,2025,24,24,71.42857142857142,Utah County,UT,49,49,526865.8102262074,527666.5710250378,530788.8355193497,1.7668359687996291,49,49,3.916667,5.070833,6.770833,6.609853292,34.021739,759859,3.158480718133233,3.2188758248682006,13.540889484767355,13.176219868941146,2004.46,379.0841423625316,13217277.30810078,4824306217.456784,100611,5.940392655478852,16.39703549434664,7.6036287398603655
49053,2024,6,6,,Washington County,UT,49,53,522907.2494380504,523979.1449896543,525477.6992148218,0.7801822190091068,49,53,1.895833,2.620833,5.373913,4.329172290410959,19.121739,208431,2.878650489,1.9459101490553132,12.247368127937346,13.169207162873088,2427.589,85.85926200851956,5076445.875,1852902744,86715,4.464289130737627,15.440122140702636,7.7950657092509825
49053,2025,7,7,16.666666666666675,Washington County,UT,49,53,525580.3278155737,526713.8350777277,528722.2399237275,0.5219081931452596,49,53,2.19062525,2.7895835,5.546784499999999,4.221399565789474,17.516667,213670,3.276079936350447,2.0794415416798357,12.272192727840277,13.174412672598924,2427.589,88.01737032092335,5193599.021542812,1895663642.8631265,86715,4.488831522833741,15.462937660450363,7.7950657092509825
49057,2023,2,2,,Weber County,UT,49,57,427100.8031325383,429336.2679219048,431882.3226,,49,57,3.395833,5.395833,12.073913,8.703329959,36.5375,272735,0.7333125561442425,1.0986122886681096,12.516259573322024,12.969995732176795,611.048,446.3397310849557,4454235.881629395,1625796096.7947292,86678,6.103318330739537,15.30936631,6.416810710809296
49057,2024,3,3,50,Weber County,UT,49,57,436510.91877858207,437384.95497728745,438250.4065260475,1.874681376055265,49,57,3.320833,5.45625,9.72187525,8.094328126,35.754167,276217,1.0861025932509585,1.3862943611198906,12.528945688000391,12.988568990147835,611.023,452.05663289270615,4535961.46,1655625933,88111,6.116017135,15.327547848407507,6.416769863505499
49057,2025,9,9,200,Weber County,UT,49,57,445452.9513770337,446466.0640130303,449050.2596472339,2.0762280303432856,49,57,3.69818875,5.0669565,8.35,6.947970010000001,26.333333,278174,3.2353850467692884,2.302585092994046,12.53600569,13.009118671960106,611.023,455.2594583182629,4640641.421952764,1693834119.0127587,88111,6.1230616352424025,15.350363367625766,6.416769863505499
50021,2023,4,4,,Rutland County,VT,50,21,284239.41144675715,287992.1010516542,294778.5994833375,,50,21,2.9,4.195652,6.969565,5.448265011204482,20.06087,60356,6.627344423089668,1.6094379124341003,11.008032209857346,12.57068833183798,930.55,64.86056633173929,1299381.2729908533,474274164.6416615,62634,4.1875398759355305,14.077399534878108,6.8368498654663625
50021,2024,5,5,25,Rutland County,VT,50,21,294740.62806779234,296185.46687019744,297552.7458385705,2.8449967164459355,50,21,2.66087,3.7186955,6.84891325,5.018876491620111,22.186957,60073,8.323206765102459,1.791759469228055,11.003332414606783,12.598741114352803,930.552,64.55630636439446,1307952.154,477402536.2,69554,4.182909412514147,14.083974,6.836852012423427
51013,2023,103,103,,Arlington County,VA,51,13,747219.9964391519,761042.0741643507,767782.0495,,51,13,5.018478,6.9604165,11.411561,8.654501134078211,27.429167,234369,43.94779173013496,4.6443908991413725,12.36465634214592,13.542443923310703,25.997,9015.232527,4408249.508,1609011070.5661423,138416,9.106781845870628,15.298988458599464,3.295725748719921
51013,2024,33,33,-67.96116505,Arlington County,VA,51,13,784183.145,795115.7359,798516.4249,4.477237584,51,13,4.25643075,6.581818,11.132765,8.262493443,31.308333,239687,13.767955708903695,3.5263605246161616,12.38709335659108,13.586242962789193,25.997,9219.794591683656,4440820.334,1620899421.9099998,133394,9.129216494147835,15.306349902435903,3.295725748719921
51013,2025,27,27,-18.18181818,Arlington County,VA,51,13,805222.8019606532,808434.9631523675,810825.7298619698,1.6751306270993194,51,13,4.46087,6.13,9.808696,7.9532042209944755,30.2125,243931,11.068703854778605,3.332204510175204,12.404644776909885,13.602855513393733,25.997,9383.044197407393,4490861.708990541,1639164523.7815475,133394,9.146766100190868,15.317555381348875,3.295725748719921
51036,2023,3,3,,Charles City County,VA,51,36,246284.4624,253446.4755308312,255081.0120132077,,51,36,2.390909,3.345833,4.509091,3.693682309589041,12.079167,6652,45.09921828021648,1.3862943611198906,8.802823159741887,12.442907937829576,182.901,36.36940202623277,191964.03309575943,70066872.08,73068,3.6208522419305877,12.165068515131267,5.214397569333392
51036,2024,1,1,-66.66666667,Charles City County,VA,51,36,258482.0753138341,263256.1352823088,265481.9305801089,3.870505490728071,51,36,2.0213315,3.01875,4.34791675,3.4469308005464483,11.578261,6582,15.192950470981463,0.6931471805599453,8.792245847467877,12.480882735640346,182.901,35.98668132,193382.38,70584568.7,76595,3.610557883517191,12.172429922424454,5.214397569333392
51036,2025,3,3,200,Charles City County,VA,51,36,266621.7149470091,268447.8235982426,269639.89263732685,1.972105345376418,51,36,1.39375025,2.7461955,4.176087,3.0303950617977526,11.590909,6623,45.29669334138608,1.3862943611198906,8.798454696065095,12.500411848528756,182.901,36.21084630483158,195561.50895958729,71379950.77024935,76595,3.6166002861157884,12.183635346225682,5.214397569333392
51059,2023,87,87,,Fairfax County,VA,51,59,686567.75,700442.7262132599,713729.5525,,51,59,9.658333,15.441667,21.184211,15.602084230136986,35.504167,1143456,7.608513139115104,4.477336814478207,13.949566687890094,13.459467880122144,391.02,2924.290317630812,26732770.17842992,9757461115,141353,7.981149008631491,17.101400755709253,5.971312858897129
51059,2024,30,30,-65.51724138,Fairfax County,VA,51,59,737476.2945973803,748646.2789799633,753016.4870390383,6.881869275351304,51,59,10.36875025,15.227083,22.25833325,16.298578000000003,36.219048,1159806,2.586639489707762,3.4339872044851463,13.963764169929629,13.526021893246913,391.02,2966.1040355992022,26930288.13,9829555165.990002,153889,7.995341684,17.108762200935125,5.971312858897129
51059,2025,82,82,173.33333333333334,Fairfax County,VA,51,59,758867.2060210517,762281.9595,768209.3108441711,1.8213782563990533,51,59,8.9255435,15.686957,22.1145835,15.875584771428572,34.545833,1167873,7.021311392591489,4.418840607796598,13.97069555983887,13.54407179181675,391.021,2986.727055580135,27233752.023514323,9940319488.582727,153889,8.002268195219598,17.119967681943535,5.971315409784136
51087,2023,10,10,,Henrico County,VA,51,87,354728.98864795704,362000.3758341732,366361.8934756981,,51,87,3.96884475,5.4625,7.4360795,6.351587987534626,22.195652,336037,2.9758627770156263,2.3978952727983707,12.724979527788653,12.799400529023318,233.699,1437.9051686143289,9759187.479706552,3562103430.092891,85877,7.271637803822361,16.093719807361275,5.458303842089486
51087,2024,16,16,60.00000000000001,Henrico County,VA,51,87,374846.2757264561,379965.80416715535,382063.72134916985,4.962820353869435,51,87,3.755398,5.0932805000000005,7.407500000000001,6.001424165753425,19.395652,340024,4.705550196456721,2.833213344056216,12.736774423300954,12.84783653861951,233.699,1454.9655753768736,9831294.286,3588422414.3900003,84671,7.2834245851920105,16.101081252109967,5.458303842089486
51087,2025,16,16,0,Henrico County,VA,51,87,386544.1513542093,386868.8868683403,387589.6649401584,1.8167641996931216,51,87,3.47581525,4.8895835000000005,7.8605975,6.166309472392638,22.545833,342775,4.667784990153892,2.833213344056216,12.74483245158622,12.865841120986534,233.665,1466.950548862688,9942078.206,3628858545.140017,84671,7.291622522546233,16.11228673239873,5.458158965191984
51107,2023,17,17,,Loudoun County,VA,51,107,710581.029,723552.1734,735637.4410070784,,51,107,2.745833,3.991304,6.529167,5.345582219178082,20.283333,436786,3.892066137650932,2.8903717578961645,12.987200941065176,13.491927934962332,515.737,846.9161607563545,8608610.688075934,3142142901.147716,173655,6.742781763871635,15.968273619276774,6.247534041012725
51107,2024,63,63,270.5882352941177,Loudoun County,VA,51,107,756114.0377,770263.9709803588,775607.1992148184,6.455899009619426,51,107,2.9729170000000003,4.1763255,7.1260415,5.801860142076502,34.2125,443749,14.19721509,4.1588830833596715,13.003016619771763,13.554488554535714,515.737,860.4172282,8672216.334,3165358961.9100003,177457,6.758578972652188,15.975635063925019,6.247534041012725
51107,2025,24,24,-61.9047619,Loudoun County,VA,51,107,787816.8393083549,790025.3405325969,792183.0904673466,2.565532115839031,51,107,2.621739,3.613043,6.821739,5.198134408839779,27.366667,449749,5.336309808359774,3.2188758248682006,13.016447151812779,13.579820300552301,515.746,872.0358471030314,8769939.186295154,3201027802.997731,177457,6.771976616970273,15.986840544062296,6.247551457844932
51153,2023,8,8,,Prince William County,VA,51,153,521575.9178889333,528342.6371171179,536191.2358,,51,153,1.8125,2.645833,4.334783,3.359867027,11.508333,491396,1.6280148800560037,2.1972245773362196,13.105007634044474,13.177500286155757,335.255,1465.7380203128962,10392695.191841751,3793333745.022239,128758,7.290796180268198,16.156613828145005,5.817869800693969
51153,2024,42,42,425,Prince William County,VA,51,153,549850.7930291026,560167.1269946079,566621.2585157268,6.0234566816600665,51,153,2.013949,2.819203,4.30937525,3.595866718579235,17.179167,498352,8.427777956143448,3.7612001156935624,13.11906394024304,13.235990459248457,335.255,1486.4864058701585,10469482.738000002,3821361199.370001,128291,7.3048429984672065,16.163975272939506,5.817869800693969
51153,2025,10,10,-76.19047619,Prince William County,VA,51,153,573544.7954,575312.0156527159,575985.8995826805,2.703637526779379,51,153,1.641667,2.343478,4.025,3.257443558011049,15.766667,502966,1.988205962,2.3978952727983707,13.128279840567856,13.262667808523624,335.264,1500.2087906843562,10587458.083149208,3864422200.3494606,128291,7.314025923015341,16.17518075329736,5.8178965657370405
51161,2023,1,1,,Roanoke County,VA,51,161,286399.1427729946,294157.04341712804,298158.83661510533,,51,161,2.669565,3.856522,5.982609,4.815666014,18.66087,97219,1.0286055194972177,0.6931471805599453,11.484731730599446,12.591869064990213,250.548,388.0254482175072,2490176.17,908914301.8868668,80929,5.9636447610609595,14.727864418340625,5.527633826200096
51161,2025,2,2,100,Roanoke County,VA,51,161,316741.88051982934,317569.6644231205,322070.0700821117,3.0462861938200136,51,161,2.491304,3.247826,4.754167,3.903174607734807,13.7125,97150,2.058672156459084,1.0986122886681096,11.484021748113392,12.668452488752713,250.549,387.74850428459104,2536842.9775075354,925947686.7902504,85809,5.962932615986598,14.746431337875759,5.527637801576613
51165,2023,5,5,,Rockingham County,VA,51,165,317324.1311068091,325195.79276951833,327458.9110926795,,51,165,6.245833,8.440909,10.620833,8.55250771,19.005,86900,5.7537399309551205,1.791759469228055,11.372524818667134,12.692182719208999,849.794,102.26007714810883,3021079.1358877346,1102693884.599023,79332,4.637250826576043,14.921124986295622,6.746170031115038
51165,2025,4,4,-20,Rockingham County,VA,51,165,342221.62965058227,343364.3002,346479.4228868357,2.290359538495612,51,165,4.4125,6.473913,9.445833,7.188041441988951,20.331818,89316,4.478480899278964,1.6094379124341003,11.399947118287482,12.746547262227688,849.796,105.10287174804306,3077695.258704077,1123358769.4269884,81772,4.664409111681953,14.939691907128942,6.746172381857578
51650,2023,1,1,,Hampton City,VA,51,650,246622.4993556929,252443.0091443596,257284.4844434856,,51,650,1.952174,2.779167,4.065217,3.325497520547945,14.304167,137043,0.729697978,0.6931471805599453,11.828057321130109,12.438940795863067,51.461,2663.045801675055,3649661.416106378,1332126416.878828,67764,7.8876012243334515,15.11014523254335,3.960070036399632
51650,2025,4,4,300,Hampton City,VA,51,650,269121.19447013724,270383.27931847866,272433.5466747315,0.1638767337779123,51,650,1.9854165,2.947826,4.0338765,3.496863017,13.413636,137315,2.913010232,1.6094379124341003,11.830040118105716,12.507595784399024,51.464,2668.1758122182496,3718057.399686473,1357090950.885563,68468,7.889525019178955,15.128712154425395,3.9601272201022923
51710,2023,3,3,,Norfolk City,VA,51,710,276049.18148965447,283315.2395504784,288416.92443965323,,51,710,4.75398575,6.325,9.17869325,7.546630774725274,25.0125,232862,1.288316685418832,1.3862943611198906,12.358205576785524,12.554315477349151,53.275,4370.943219145941,6267216.179,2287533905.4157925,61098,8.382962861825527,15.650842983021768,3.9940637157643555
51710,2024,10,10,233.3333333333333,Norfolk City,VA,51,710,295771.5702732468,298416.3494919825,300440.32782341307,5.330143893940975,51,710,4.3066695,6.4575185,9.23731925,7.257364762295082,22.4,231105,4.3270374937798834,2.3978952727983707,12.350631758712117,12.606244936333526,53.275,4337.963397465978,6313522.18,2304435596,64281,8.375390750055459,15.658204427351716,3.9940637157643555
51710,2025,8,8,-20,Norfolk City,VA,51,710,300408.47496694315,301175.0361639196,301961.4087171957,0.9244422018543696,51,710,4.3625,6.404348,8.9,6.880768906077349,21.116667,231013,3.4630085752749844,2.1972245773362196,12.350233593728063,12.615446890211146,53.275,4336.236508681371,6384666.091970855,2330403123.569362,64281,8.374992675131853,15.669409907008964,3.9940637157643555
51760,2023,5,5,,Richmond City,VA,51,760,327950.3863128584,332665.5005793516,335274.4574390882,,51,760,8.329167,11.808333,16.740909,12.851767890410958,31.365217,230804,2.166340271399109,1.791759469228055,12.349328477159588,12.714892761346858,59.925,3851.547768043388,5527032.825536694,2017366981.3208933,64903,8.256489966349948,15.525161850850353,4.1096436
51760,2024,3,3,-40,Richmond City,VA,51,760,344629.22171237494,348600.9339001948,351553.1867328788,4.790227208,51,760,8.873958250000001,11.671739,15.51250025,12.596501352459017,32.933333,234807,1.2776450446536944,1.3862943611198906,12.366523437905911,12.761683091066748,59.925,3918.3479349186487,5567869.902,2032272514,63865,8.273680575814957,15.532523295023577,4.1096436
51760,2025,1,1,-66.66666667,Richmond City,VA,51,760,352109.1868665289,353204.0560713434,353945.31511861173,1.3204560640868834,51,760,9.045833,12.670833,18.520833,13.941066425414366,32.754167,237257,0.4214838761343185,0.6931471805599453,12.37690343560863,12.774801231426704,59.925,3959.232373800584,5630611.4327778425,2055173172.9639125,63865,8.284057982779581,15.543728774444464,4.1096436
53033,2023,275,275,,King County,WA,53,33,806948.1882732789,815456.1788757988,823314.0392875215,,53,33,7.771429,12.134783,15.495652,12.232480260992908,34.182609,2283086,12.045100359776198,5.620400866,14.641039032538806,13.611502964315292,2115.736,1079.097770232203,39435667.00936875,14394018458.419592,120672,6.984806844013635,17.490181244175478,7.657630558587677
53033,2024,225,225,-18.18181818,King County,WA,53,33,843813.8592,854998.7382322911,860475.1993810267,4.849133574658326,53,33,7.545833,11.221739,14.865217,11.759595596843615,44.7,2317959,9.706815349192976,5.420534999272286,14.65619804647755,13.658855272166102,2115.696,1095.6011638723144,39779510.22,14519521232,121984,6.999970824,17.498862544336234,7.657611661
53033,2025,171,171,-24,King County,WA,53,33,849000.2131,853880.6486330851,869472.6733520832,-0.130770906,53,33,7.24642225,11.4476285,15.8000905,11.854293239795918,30.208696,2344939,7.292300567306868,5.147494476813453,14.667770373181236,13.657546707305006,2115.75,1108.325180196148,40032622.60057027,14611907249.208147,121984,7.011507163663182,17.50520526967966,7.657637172522387
53053,2023,22,22,,Pierce County,WA,53,53,525995.6863,529872.3806742805,537516.8013111424,,53,53,10.34646775,13.1769925,16.425,13.56930804519774,30.666667,931408,2.3620153573943963,3.1354942159291497,13.744453772356822,13.180391465352852,1667.979,558.4051118149569,15922251.73985286,5811621885.046294,97493,6.326873919,16.58322823,7.4199673411980145
53053,2024,26,26,18.181818181818187,Pierce County,WA,53,53,549894.8354699144,554806.3859469455,556960.4669977188,4.705662378728959,53,53,10.9354165,13.478261,17.167391000000002,14.120828509641877,30.452174,939786,2.7665872868929733,3.295836866004329,13.75340853282481,13.22637447771516,1668.004,563.4195121834241,16061079.32,5862293952,100125,6.335797790932147,16.59190953196647,7.41998232
53053,2025,38,38,46.15384615384615,Pierce County,WA,53,53,555417.5487442262,558425.9515242218,562254.9157494438,0.6524015708828657,53,53,9.32934775,12.47197,15.951087,12.928910695238097,32.55,946288,4.015690783355596,3.6635616461296463,13.760303298208113,13.232877304143042,1668.025,567.3104419897783,16163274.091481026,5899595043.390574,100125,6.342667822214476,16.598252257075174,7.419994903
55059,2023,4,4,,Kenosha County,WI,55,59,265530.29685818707,271277.3036785667,275584.5788160052,,55,59,1.784881,2.591304,3.4157895,2.8023643354838708,10.178261,167852,2.383051736,1.6094379124341003,12.030843875349442,12.510896837493883,271.833,617.4820569982305,4175458.774605786,1524042452.7311118,75699,6.4272681808995715,15.244735035857788,5.608859886395235
55059,2024,3,3,-25,Kenosha County,WI,55,59,284191.71265515825,289158.5060641582,291868.04673087155,6.591484854471541,55,59,1.2847825,1.808696,2.767391,2.137855283870968,8.004348,168448,1.780965045592705,1.3862943611198906,12.034388312337411,12.574730280633043,271.833,619.6745796132184,4233737.036,1545314018,83504,6.430806918195934,15.25859585724653,5.608859886395235
55059,2025,6,6,100,Kenosha County,WI,55,59,301030.7611601015,302256.3326163469,306611.85363816435,4.529635572706448,55,59,1.99565225,3.1108695,5.18260875,4.170917391,19.991304,168448,3.561930091,1.9459101490553132,12.034388312337411,12.619030719841833,271.833,619.6745796132184,4265930.1605301965,1557064508.5935218,83504,6.430806918195934,15.266171041111129,5.608859886395235
55079,2023,17,17,,Milwaukee County,WI,55,79,235992.96427699583,244218.60661577657,248390.73328216103,,55,79,3.9434785,7.186957,11.373913,8.098720800550206,25.075,921609,1.8446000418832715,2.8903717578961645,13.73387741955934,12.405819031923912,241.457,3816.865943004344,18196687.104745217,6641790793.232004,63304,8.247446891831737,16.716750163221317,5.490824375066932
55079,2024,35,35,105.88235294117644,Milwaukee County,WI,55,79,257299.6470446583,261466.08221069849,263595.1591361058,7.062310212119494,55,79,3.85108725,6.9847825,10.896739,7.808373148907104,27.182609,924323,3.786555133,3.583518938,13.736817938511354,12.474059849335525,241.457,3828.106039584688,18450664.3,6734492468,66339,8.250386644900223,16.730610987150282,5.490824375066932
55079,2025,23,23,-34.28571429,Milwaukee County,WI,55,79,269388.2950795245,271518.0392,272327.54640222766,3.844459238566644,55,79,3.821739,6.7869565000000005,11.34782575,7.780675074585636,24.891304,924216,2.488595739524094,3.1780538303479458,13.73670217153608,12.511783858874505,241.457,3827.6628964991696,18590962.22,6785701211.348973,66339,8.250270908034901,16.73818617238835,5.490824375066932
56001,2023,3,3,,Albany County,WY,56,1,327979.7141958878,330946.7936619923,333555.89705418923,,56,1,7.3826085,11.710417,15.9851905,12.080653750000002,32.2125,38337,7.825338445887785,1.3862943611198906,10.554196850398105,12.709712897214875,4274.175,8.969450244784081,1553157.6855904823,566902555.2405261,59633,2.299525441509004,14.255801276943307,8.360580316205533
56005,2024,1,1,,Campbell County,WY,56,5,308911.6463421863,312385.00859391986,324002.7208991228,3.0292429068784488,56,5,0.7531252500000001,1.0426765,1.531818,1.2692733895348838,6.609091,48092,2.079347916493388,0.6931471805599453,10.780891915357783,12.651991707940644,4802.065,10.014858191215655,1660488.319,606078236.3985001,90961,2.399245106019428,14.322622887318147,8.477009534781663
56005,2025,1,1,0,Campbell County,WY,56,5,337238.18683169165,341018.22448106424,341321.98469547223,9.166001920522929,56,5,0.6858555,0.905882,1.2291665,1.005018748603352,3.3125,48145,2.077058884619379,0.6931471805599453,10.781993340047524,12.739691199063557,4802.065,10.025895109708012,1679649.1154914694,613071927.1543863,90961,2.400246607126416,14.33409606510095,8.477009534781663
56007,2023,1,1,,Carbon County,WY,56,7,186346.40894754272,187492.4609296909,188697.393,,56,7,1.916667,3.166667,4.791667,3.490503436813187,14.125,14293,6.996431819771916,0.6931471805599453,9.567595147779924,12.141493915209242,7897.746,1.8097568597420075,1648936.5873753289,601861854.3919951,67773,1.0330979528197926,14.31564175205367,8.974459291678295
56007,2025,2,2,100,Carbon County,WY,56,7,198829.2722210165,200666.20856098767,202648.4026738416,5.723466385,56,7,1.833333,2.583333,4.291667,3.3158772430939223,12.5,14013,14.272461285948763,1.0986122886681096,9.547812109,12.209398152701576,7897.746,1.7743037063992688,1698812.911164579,620066712.5750713,75927,1.0203997991006815,14.345440866206054,8.974459291678295
56009,2023,1,1,,Converse County,WY,56,9,265091.6185503455,266459.5153734777,270536.6277900771,,56,9,0.754167,1.135294,1.628571,1.3028618207282914,4.038095,13873,7.208246233691343,0.6931471805599453,9.537771863945247,12.492977598753551,4254.995,3.2604033612260417,997873.8511469004,364223955.6686187,77224,1.4493638415326806,13.813383147778003,8.356083856
56013,2023,4,4,,Fremont County,WY,56,13,286018.8298923107,291446.55137204006,296533.3041,,56,13,0.482971,0.747826,1.5957425,1.6389951363211952,19.65,39754,10.061880565477688,1.6094379124341003,10.590490898335585,12.582611910746424,9183.59,4.328808232945939,1405215.0401222294,512903489.64461374,64170,1.6731276171062448,14.155701614140876,9.125282358656188
56013,2024,2,2,-50,Fremont County,WY,56,13,300003.6013,301627.01791210496,304540.02819958824,3.493081833405953,56,13,0.4361605,0.5957425,0.783333,0.6473854830985916,4.886957,39664,5.042355788624445,1.0986122886681096,10.588224465736104,12.616946493040404,9183.597,4.319004851802622,1431204.349,522389587.3,67636,1.671286227924198,14.174027548522933,9.125283120802056
56013,2025,1,1,-50,Fremont County,WY,56,13,311034.7687489212,312219.3377916803,313663.4588037076,3.5117278130111007,56,13,0.3375,0.482609,0.6744565,0.5447597855787477,2.716667,39464,2.533954996959254,0.6931471805599453,10.583169482142504,12.651461225541398,9183.597,4.297226892687037,1447719.379507542,528417573.5202528,67636,1.6671834558317484,14.18550072520513,9.125283120802056
56021,2023,4,4,,Laramie County,WY,56,21,351684.8210439646,355769.7852,357962.7627130909,,56,21,2.016848,2.7935685,3.808696,3.088943793696276,12.0625,100995,3.960592108520224,1.6094379124341003,11.522836191078742,12.782039129865911,2685.864,37.60242514140701,3102820.835855229,1132529605.0871584,75131,3.653315101994812,14.947822525041936,7.896129993266823
56021,2024,7,7,75,Laramie County,WY,56,21,359053.3736853468,360407.7165061121,362172.4391,1.3036327193913788,56,21,1.479076,2.3583335,3.65788025,2.8103851235741444,15.413043,101687,6.883869127813783,2.0794415416798357,11.529664580974504,12.794991215436365,2685.864,37.860070353524975,3160207.1906000003,1153475625,82615,3.6599672543831923,14.966148466494165,7.896129993266823
56021,2025,5,5,-28.57142857,Laramie County,WY,56,21,370655.5461962834,370825.6961581735,372731.1624,2.890609488902185,56,21,1.230435,2.1375,3.157143,2.526740073446328,13.891667,102938,4.857292739318813,1.791759469228055,11.541891858762824,12.823487409512706,2685.864,38.32584226155904,3196673.6242850614,1166785872.8640473,82615,3.671881866682152,14.977621647537234,7.896129993266823
56023,2023,1,1,,Lincoln County,WY,56,23,452663.4695,458807.54093153146,467754.55521387415,,56,23,2.081818,3.429167,6.395652,4.725648413698631,23.413043,20893,4.786292059541473,0.6931471805599453,9.947217315397454,13.036386100308757,4075.337,5.126692590085188,748359.9812107702,273151393.1419311,88037,1.8126550594939814,13.525640735746567,8.312954070022041
56025,2025,1,1,,Natrona County,WY,56,25,301042.3364996069,301457.93079217896,301887.81704178924,5.126808064815824,56,25,2.3570975,3.1375,4.45149475,3.871965865714286,24.975,80526,1.241834935,0.6931471805599453,11.296347810898107,12.61638575238614,5340.537,15.078258984068457,2118408.3050088813,773219031.3282417,74774,2.7774679857539235,14.566176037185384,8.583268718255146
56035,2023,2,2,,Sublette County,WY,56,35,378728.2265904329,390232.8417736255,403139.6348,,56,35,0.704167,1.03913,1.691304,1.3683303132999445,7.191667,8968,22.30151650312221,1.0986122886681096,9.101529466118004,12.874498870142993,4886.482,1.835267171760788,436247.76932147774,159230435.80233938,78217,1.0421361732193561,12.985967931455201,8.494432521
56035,2025,1,1,-50,Sublette County,WY,56,35,426305.0699136484,427110.24681369227,427762.8832,2.287781003436496,56,35,0.475,0.666667,1.021286,0.855752039,5.304348,8929,11.199462425803562,0.6931471805599453,9.097171673870545,12.964797448144884,4886.482,1.827285969742649,449443.2039801566,164046769.45275718,88948,1.0393172302076539,13.015766996112758,8.494432521
56037,2023,3,3,,Sweetwater County,WY,56,37,257710.7997318523,261804.02485697067,262255.5268316475,,56,37,1.05869575,1.72702,2.581522,2.1326191800554017,16.091667,41294,7.264977962900179,1.3862943611198906,10.628496706244817,12.475351506124982,10426.98,3.960302983222372,3118255.405857984,1138163223.138164,76442,1.6014668241982946,14.952784559297713,9.252247857138244
56037,2025,3,3,0,Sweetwater County,WY,56,37,285523.7529525431,286046.7122,288362.05208088254,6.79554036,56,37,0.9800275,1.934783,3.56023575,2.7199571745454545,18.679167,41267,7.269731262267672,1.3862943611198906,10.627842660220267,12.563910405835829,10426.981,3.957713167,3212575.052514445,1172589894.1677723,76906,1.600944579377958,14.982583681839847,9.252247953034088
56039,2024,1,1,,Teton County,WY,56,39,2161298.746246694,2185145.266898588,2202379.794852673,7.829483440738327,56,39,0.7645835,1.122727,1.5742425,1.4033009108635095,13.622727,23345,4.283572499464554,0.6931471805599453,10.058180942212608,14.597192868008332,3996.846,5.840855514573241,1404212.357,512537510.2,151604,1.9229127990432107,14.154987815484155,8.293510995
56039,2025,2,2,100,Teton County,WY,56,39,2130138.214554908,2139213.8737554243,2155783.150186408,-2.101983508,56,39,0.84034125,1.066667,1.313949,1.203982719,6.779167,23333,8.571551022,1.0986122886681096,10.057666803383801,14.57594897079655,3996.846,5.837853147206572,1420415.9198517003,518451810.7458706,151604,1.9224738150003278,14.16646099201314,8.293510995
